sensitivity,outcome,family,estimand_id,scenario,reference_scenario,transition,funding_intensity,market_intensity,blocks,estimate,block_se,pointwise_lower,pointwise_upper,simultaneous_lower,simultaneous_upper
stress_budget,mean_equity_loss,scenario_difference_average,0.1_minus_0.15_average_stressed,0.1,0.15,,,,100,-0.0258916499157,0.00148541507383,-0.028884669871,-0.0229876121217,-0.0288455294372,-0.0229377703943
stress_budget,mean_equity_loss,scenario_difference_average,0.3_minus_0.15_average_stressed,0.3,0.15,,,,100,0.0807862124939,0.00422707432248,0.0726152742323,0.0893027130272,0.072380300573,0.0891921244149
stress_budget,mean_equity_loss,scenario_difference_cell,0.1_minus_0.15_funding_0_market_1,0.1,0.15,,0,1,100,-0.0212775592605,0.00135434544119,-0.0240965504912,-0.018707159785,-0.0246953801975,-0.0178597383235
stress_budget,mean_equity_loss,scenario_difference_cell,0.1_minus_0.15_funding_0_market_2,0.1,0.15,,0,2,100,-0.042616540248,0.00264708190792,-0.0480533478097,-0.0375813540332,-0.0492967059514,-0.0359363745446
stress_budget,mean_equity_loss,scenario_difference_cell,0.1_minus_0.15_funding_1_market_0,0.1,0.15,,1,0,100,-0.000619799706507,1.42050856398e-05,-0.000647543275657,-0.000591135192628,-0.000655647605894,-0.000583951807119
stress_budget,mean_equity_loss,scenario_difference_cell,0.1_minus_0.15_funding_1_market_1,0.1,0.15,,1,1,100,-0.0218756459425,0.00135246928208,-0.0246876690249,-0.0193217290514,-0.0252887322116,-0.0184625596734
stress_budget,mean_equity_loss,scenario_difference_cell,0.1_minus_0.15_funding_1_market_2,0.1,0.15,,1,2,100,-0.0431922706187,0.00264343609794,-0.0486204534387,-0.0381614349876,-0.0498632357701,-0.0365213054673
stress_budget,mean_equity_loss,scenario_difference_cell,0.1_minus_0.15_funding_2_market_0,0.1,0.15,,2,0,100,-0.0048479857815,3.2769386167e-05,-0.00491127233682,-0.00478407676852,-0.00493068247817,-0.00476528908483
stress_budget,mean_equity_loss,scenario_difference_cell,0.1_minus_0.15_funding_2_market_1,0.1,0.15,,2,1,100,-0.0258325668978,0.00133427758889,-0.0285825479256,-0.0233072139462,-0.0291997446801,-0.0224653891156
stress_budget,mean_equity_loss,scenario_difference_cell,0.1_minus_0.15_funding_2_market_2,0.1,0.15,,2,2,100,-0.0468708308704,0.00260592671761,-0.0522283424908,-0.0419412118524,-0.0534471374942,-0.0402945242467
stress_budget,mean_equity_loss,scenario_difference_cell,0.3_minus_0.15_funding_0_market_1,0.3,0.15,,0,1,100,0.0639061928737,0.00398905875967,0.0563155153705,0.0721242206236,0.0538394195579,0.0739729661894
stress_budget,mean_equity_loss,scenario_difference_cell,0.3_minus_0.15_funding_0_market_2,0.3,0.15,,0,2,100,0.128166155206,0.00764056977879,0.113560663468,0.143592643791,0.108884442752,0.14744786766
stress_budget,mean_equity_loss,scenario_difference_cell,0.3_minus_0.15_funding_1_market_0,0.3,0.15,,1,0,100,0.0062224711717,4.86656337607e-05,0.00612896688147,0.00631863688389,0.00609965876586,0.00634528357755
stress_budget,mean_equity_loss,scenario_difference_cell,0.3_minus_0.15_funding_1_market_1,0.3,0.15,,1,1,100,0.0694447745008,0.00394047782384,0.0619852636341,0.0775902634607,0.0595005998475,0.0793889491541
stress_budget,mean_equity_loss,scenario_difference_cell,0.3_minus_0.15_funding_1_market_2,0.3,0.15,,1,2,100,0.132984282605,0.00754243890289,0.118482405873,0.148254939833,0.113950212851,0.152018352359
stress_budget,mean_equity_loss,scenario_difference_cell,0.3_minus_0.15_funding_2_market_0,0.3,0.15,,2,0,100,0.02159862209,4.64635859032e-05,0.021504918103,0.0216891975113,0.0214813667636,0.0217158774163
stress_budget,mean_equity_loss,scenario_difference_cell,0.3_minus_0.15_funding_2_market_1,0.3,0.15,,2,1,100,0.0817963528539,0.00374211315851,0.074744307647,0.0894282551076,0.0723527705057,0.091239935202
stress_budget,mean_equity_loss,scenario_difference_cell,0.3_minus_0.15_funding_2_market_2,0.3,0.15,,2,2,100,0.14217084865,0.00714678782719,0.128559718094,0.156462626774,0.124135242427,0.160206454874
stress_budget,mean_equity_loss,sensitivity_channel_difference,funding_minus_market_0_to_1,0.1,,0_to_1,,,100,-0.0424231873422,0.0028161622243,-0.047915467688,-0.0370374231076,-0.0480068888996,-0.0368394857847
stress_budget,mean_equity_loss,sensitivity_channel_difference,funding_minus_market_1_to_2,0.1,,1_to_2,,,100,-0.0406089057518,0.00276937882223,-0.0459940967528,-0.0352970960995,-0.0460998482513,-0.0351179632523
stress_budget,mean_equity_loss,sensitivity_channel_difference,funding_minus_market_0_to_1,0.15,,0_to_1,,,100,-0.0629979772934,0.00419965413155,-0.0711808812756,-0.054956395729,-0.0713247757685,-0.0546711788182
stress_budget,mean_equity_loss,sensitivity_channel_difference,funding_minus_market_1_to_2,0.15,,1_to_2,,,100,-0.0578856398699,0.00410779149287,-0.0659213489318,-0.0499565716165,-0.0660302991365,-0.0497409806033
stress_budget,mean_equity_loss,sensitivity_channel_difference,funding_minus_market_0_to_1,0.3,,0_to_1,,,100,-0.11991365955,0.0082406546559,-0.135959667631,-0.104156486696,-0.136252688544,-0.103574630555
stress_budget,mean_equity_loss,sensitivity_channel_difference,funding_minus_market_1_to_2,0.3,,1_to_2,,,100,-0.108305530175,0.00796902732261,-0.124107210721,-0.0928079023341,-0.124105994328,-0.0925050660228
stress_budget,mean_equity_loss,sensitivity_channel_local,funding_0_to_1,0.1,,0_to_1,,,100,7.75865725281e-05,3.9065012168e-06,6.9984759951e-05,8.54597439134e-05,6.77051640777e-05,8.74679809786e-05
stress_budget,mean_equity_loss,sensitivity_channel_local,market_0_to_1,0.1,,0_to_1,,,100,0.0425007739147,0.0027297911194,0.0372064069049,0.0477536760966,0.0355958276371,0.0494057201923
stress_budget,mean_equity_loss,sensitivity_channel_local,funding_1_to_2,0.1,,1_to_2,,,100,0.00193899314554,2.96899864192e-05,0.00188126775456,0.00199851099936,0.00186389298137,0.0020140933097
stress_budget,mean_equity_loss,sensitivity_channel_local,market_1_to_2,0.1,,1_to_2,,,100,0.0425478988973,0.00267893331568,0.0373466020598,0.047702530609,0.0357715963097,0.0493242014849
stress_budget,mean_equity_loss,sensitivity_channel_local,funding_0_to_1,0.15,,0_to_1,,,100,0.000675458825605,1.59117733156e-05,0.000645320890411,0.000707889990663,0.000635210346831,0.000715707304378
stress_budget,mean_equity_loss,sensitivity_channel_local,market_0_to_1,0.15,,0_to_1,,,100,0.063673436119,0.00406881873294,0.0557864498251,0.0715117389034,0.0533814491004,0.0739654231375
stress_budget,mean_equity_loss,sensitivity_channel_local,funding_1_to_2,0.15,,1_to_2,,,100,0.00589354890622,5.24553066012e-05,0.0057947396763,0.00599323828387,0.00576086436802,0.00602623344441
stress_budget,mean_equity_loss,sensitivity_channel_local,market_1_to_2,0.15,,1_to_2,,,100,0.0637791887761,0.00395400966171,0.05610328575,0.0714574942671,0.0537776087647,0.0737807687875
stress_budget,mean_equity_loss,sensitivity_channel_local,funding_0_to_1,0.3,,0_to_1,,,100,0.00620185222484,8.36210347447e-05,0.00604251955598,0.00636350862458,0.00599033466642,0.00641336978327
stress_budget,mean_equity_loss,sensitivity_channel_local,market_0_to_1,0.3,,0_to_1,,,100,0.126115511775,0.00793216614465,0.110741783335,0.141419313787,0.106051272901,0.146179750648
stress_budget,mean_equity_loss,sensitivity_channel_local,funding_1_to_2,0.3,,1_to_2,,,100,0.0181983140118,0.000280934787578,0.0176250416444,0.0187243600095,0.0174876956785,0.0189089323452
stress_budget,mean_equity_loss,sensitivity_channel_local,market_1_to_2,0.3,,1_to_2,,,100,0.126503844187,0.00746855363146,0.11202157061,0.141108719307,0.107612302915,0.145395385459
stress_budget,worst_10pct_mean_equity_loss,scenario_difference_average,0.1_minus_0.15_average_stressed,0.1,0.15,,,,100,-0.0323683899898,0.00184689945957,-0.0358760233928,-0.0285147511705,-0.0361239458511,-0.0286128341284
stress_budget,worst_10pct_mean_equity_loss,scenario_difference_average,0.3_minus_0.15_average_stressed,0.3,0.15,,,,100,0.101621477131,0.00528031812069,0.0905640794882,0.111593936087,0.0908842767026,0.112358677559
stress_budget,worst_10pct_mean_equity_loss,scenario_difference_cell,0.1_minus_0.15_funding_0_market_1,0.1,0.15,,0,1,100,-0.0265491067055,0.00170468291356,-0.0298974159463,-0.0231826052993,-0.0307770645089,-0.022321148902
stress_budget,worst_10pct_mean_equity_loss,scenario_difference_cell,0.1_minus_0.15_funding_0_market_2,0.1,0.15,,0,2,100,-0.053172625258,0.00333266699739,-0.059655502027,-0.046606368331,-0.0614383122815,-0.0449069382345
stress_budget,worst_10pct_mean_equity_loss,scenario_difference_cell,0.1_minus_0.15_funding_1_market_0,0.1,0.15,,1,0,100,-0.00077470890008,1.75594451414e-05,-0.000809340938355,-0.000739310400637,-0.000818259869306,-0.000731157930854
stress_budget,worst_10pct_mean_equity_loss,scenario_difference_cell,0.1_minus_0.15_funding_1_market_1,0.1,0.15,,1,1,100,-0.0273137109162,0.00170397133556,-0.0306530706415,-0.023947955132,-0.0315399038624,-0.0230875179699
stress_budget,worst_10pct_mean_equity_loss,scenario_difference_cell,0.1_minus_0.15_funding_1_market_2,0.1,0.15,,1,2,100,-0.0539268269427,0.00333092907749,-0.0603842768889,-0.0473534610733,-0.0621882035739,-0.0456654503115
stress_budget,worst_10pct_mean_equity_loss,scenario_difference_cell,0.1_minus_0.15_funding_2_market_0,0.1,0.15,,2,0,100,-0.00608497806767,4.62394377226e-05,-0.00617460447007,-0.00599082902315,-0.00619966120903,-0.00597029492631
stress_budget,worst_10pct_mean_equity_loss,scenario_difference_cell,0.1_minus_0.15_funding_2_market_1,0.1,0.15,,2,1,100,-0.0323802827482,0.00168655046377,-0.0356628395345,-0.0290546778125,-0.0365632684152,-0.0281972970813
stress_budget,worst_10pct_mean_equity_loss,scenario_difference_cell,0.1_minus_0.15_funding_2_market_2,0.1,0.15,,2,2,100,-0.0587448803799,0.00329551423755,-0.0651348286845,-0.0522387603976,-0.0669184210578,-0.050571339702
stress_budget,worst_10pct_mean_equity_loss,scenario_difference_cell,0.3_minus_0.15_funding_0_market_1,0.3,0.15,,0,1,100,0.07973637802,0.00502195476728,0.0698158914557,0.0894879390381,0.0672809162577,0.0921918397823
stress_budget,worst_10pct_mean_equity_loss,scenario_difference_cell,0.3_minus_0.15_funding_0_market_2,0.3,0.15,,0,2,100,0.159901930247,0.00962302027691,0.140792750081,0.178606001386,0.13603489706,0.183768963435
stress_budget,worst_10pct_mean_equity_loss,scenario_difference_cell,0.3_minus_0.15_funding_1_market_0,0.3,0.15,,1,0,100,0.00780516430959,6.67058962312e-05,0.00767049191106,0.00793020438249,0.00763972021893,0.00797060840025
stress_budget,worst_10pct_mean_equity_loss,scenario_difference_cell,0.3_minus_0.15_funding_1_market_1,0.3,0.15,,1,1,100,0.0869653769756,0.00497903611707,0.0771496074048,0.0967064227932,0.0746163621311,0.09931439182
stress_budget,worst_10pct_mean_equity_loss,scenario_difference_cell,0.3_minus_0.15_funding_1_market_2,0.3,0.15,,1,2,100,0.166526533789,0.0095362537069,0.147513841535,0.185054959831,0.142874699213,0.190178368364
stress_budget,worst_10pct_mean_equity_loss,scenario_difference_cell,0.3_minus_0.15_funding_2_market_0,0.3,0.15,,2,0,100,0.0274809847694,8.24778548819e-05,0.0273105204907,0.0276337716942,0.0272764230369,0.0276855465019
stress_budget,worst_10pct_mean_equity_loss,scenario_difference_cell,0.3_minus_0.15_funding_2_market_1,0.3,0.15,,2,1,100,0.103913853839,0.00480413429508,0.094422092628,0.113268290675,0.0919986308262,0.115829076852
stress_budget,worst_10pct_mean_equity_loss,scenario_difference_cell,0.3_minus_0.15_funding_2_market_2,0.3,0.15,,2,2,100,0.180641595096,0.00918483424873,0.162337867936,0.198765578873,0.157861351729,0.203421838463
stress_budget,worst_10pct_mean_equity_loss,sensitivity_channel_difference,funding_minus_market_0_to_1,0.1,,0_to_1,,,100,-0.0529451990337,0.00338221715324,-0.0594954151158,-0.0463897046172,-0.0596491714577,-0.0462412266097
stress_budget,worst_10pct_mean_equity_loss,sensitivity_channel_difference,funding_minus_market_1_to_2,0.1,,1_to_2,,,100,-0.0506420562931,0.00332428765755,-0.0571025145473,-0.044183783024,-0.0572312052968,-0.0440529072893
stress_budget,worst_10pct_mean_equity_loss,sensitivity_channel_difference,funding_minus_market_0_to_1,0.15,,0_to_1,,,100,-0.0786418319026,0.00504475740481,-0.0884034094064,-0.0688685635016,-0.0886411645874,-0.0686424992178
stress_budget,worst_10pct_mean_equity_loss,sensitivity_channel_difference,funding_minus_market_1_to_2,0.15,,1_to_2,,,100,-0.072110835551,0.00492970466964,-0.0816610346682,-0.062507730591,-0.0818821194948,-0.0623395516073
stress_budget,worst_10pct_mean_equity_loss,sensitivity_channel_difference,funding_minus_market_0_to_1,0.3,,0_to_1,,,100,-0.149865396219,0.00991441053299,-0.169107427401,-0.13065091443,-0.16951698327,-0.130213809168
stress_budget,worst_10pct_mean_equity_loss,sensitivity_channel_difference,funding_minus_market_1_to_2,0.3,,1_to_2,,,100,-0.134015866107,0.00952786205257,-0.152358199573,-0.115660703366,-0.152901266294,-0.115130465919
stress_budget,worst_10pct_mean_equity_loss,sensitivity_channel_local,funding_0_to_1,0.1,,0_to_1,,,100,9.79280046484e-05,4.85609214758e-06,8.86411050157e-05,0.00010738536988,8.55769353493e-05,0.000110279073947
stress_budget,worst_10pct_mean_equity_loss,sensitivity_channel_local,market_0_to_1,0.1,,0_to_1,,,100,0.0530431270383,0.00331479681343,0.0464505936951,0.0593903432467,0.0446122151218,0.0614740389549
stress_budget,worst_10pct_mean_equity_loss,sensitivity_channel_local,funding_1_to_2,0.1,,1_to_2,,,100,0.00245833345898,3.93198828421e-05,0.00238009869739,0.00253806332318,0.00235832658451,0.00255834033344
stress_budget,worst_10pct_mean_equity_loss,sensitivity_channel_local,market_1_to_2,0.1,,1_to_2,,,100,0.053100389752,0.00325536289634,0.0466165450857,0.0593312682469,0.0448206430948,0.0613801364093
stress_budget,worst_10pct_mean_equity_loss,sensitivity_channel_local,funding_0_to_1,0.15,,0_to_1,,,100,0.000862432936474,2.094115396e-05,0.000822986751087,0.000904459821102,0.000809170840966,0.000915695031983
stress_budget,worst_10pct_mean_equity_loss,sensitivity_channel_local,market_0_to_1,0.15,,0_to_1,,,100,0.079504264839,0.00494417186679,0.0696777949399,0.088974281007,0.0669291720489,0.0920793576292
stress_budget,worst_10pct_mean_equity_loss,sensitivity_channel_local,funding_1_to_2,0.15,,1_to_2,,,100,0.00752329827127,6.69530832847e-05,0.00739138002778,0.00765598508826,0.00735300863378,0.00769358790876
stress_budget,worst_10pct_mean_equity_loss,sensitivity_channel_local,market_1_to_2,0.15,,1_to_2,,,100,0.0796341338223,0.00480995797911,0.0701098759695,0.0888617963637,0.0674004029704,0.0918678646742
stress_budget,worst_10pct_mean_equity_loss,sensitivity_channel_local,funding_0_to_1,0.3,,0_to_1,,,100,0.00808202187204,9.42621565611e-05,0.00789492625795,0.00826404489264,0.0078422738622,0.00832176988187
stress_budget,worst_10pct_mean_equity_loss,sensitivity_channel_local,market_0_to_1,0.3,,0_to_1,,,100,0.157947418091,0.00967593251503,0.138697643271,0.176509794048,0.133337482901,0.18255735328
stress_budget,worst_10pct_mean_equity_loss,sensitivity_channel_local,funding_1_to_2,0.3,,1_to_2,,,100,0.0244364178149,0.000266731378002,0.0239186336218,0.0249443465261,0.0237580085851,0.0251148270448
stress_budget,worst_10pct_mean_equity_loss,sensitivity_channel_local,market_1_to_2,0.3,,1_to_2,,,100,0.158452283921,0.00913284142777,0.140256462214,0.17595552344,0.135223656057,0.181680911786
stress_budget,asset_price_loss,scenario_difference_average,0.1_minus_0.15_average_stressed,0.1,0.15,,,,100,-0.0124614678026,0.000725760246912,-0.0139666613555,-0.0110433623553,-0.0139317907955,-0.0109911448098
stress_budget,asset_price_loss,scenario_difference_average,0.3_minus_0.15_average_stressed,0.3,0.15,,,,100,0.0396305871142,0.00210440781804,0.0355047792277,0.0439460765566,0.0353672519228,0.0438939223056
stress_budget,asset_price_loss,scenario_difference_cell,0.1_minus_0.15_funding_0_market_1,0.1,0.15,,0,1,100,-0.0101893135696,0.000640501942555,-0.0114606940302,-0.00889342754908,-0.0117728817785,-0.00860574536057
stress_budget,asset_price_loss,scenario_difference_cell,0.1_minus_0.15_funding_0_market_2,0.1,0.15,,0,2,100,-0.0204071117114,0.00125165121805,-0.0229087436701,-0.0178515566859,-0.0235016769983,-0.0173125464245
stress_budget,asset_price_loss,scenario_difference_cell,0.1_minus_0.15_funding_1_market_0,0.1,0.15,,1,0,100,-0.000297421973038,6.92012913843e-06,-0.000310728047176,-0.000283847563717,-0.00031453120531,-0.000280312740766
stress_budget,asset_price_loss,scenario_difference_cell,0.1_minus_0.15_funding_1_market_1,0.1,0.15,,1,1,100,-0.0104853861204,0.000640704934091,-0.0117581720306,-0.00919145573172,-0.0120694562029,-0.00890131603797
stress_budget,asset_price_loss,scenario_difference_cell,0.1_minus_0.15_funding_1_market_2,0.1,0.15,,1,2,100,-0.0207017953609,0.00125170749816,-0.0231989303008,-0.0181502213658,-0.023796499794,-0.0176070909278
stress_budget,asset_price_loss,scenario_difference_cell,0.1_minus_0.15_funding_2_market_0,0.1,0.15,,2,0,100,-0.00235593896685,1.75417479407e-05,-0.00238919898007,-0.00232239490263,-0.00239930894361,-0.00231256899008
stress_budget,asset_price_loss,scenario_difference_cell,0.1_minus_0.15_funding_2_market_1,0.1,0.15,,2,1,100,-0.0125275524332,0.000639282842208,-0.0138043738865,-0.0112397559223,-0.0141081065553,-0.0109469983112
stress_budget,asset_price_loss,scenario_difference_cell,0.1_minus_0.15_funding_2_market_2,0.1,0.15,,2,2,100,-0.0227272222856,0.00124893166582,-0.0252053463382,-0.0201727319546,-0.025815063789,-0.0196393807823
stress_budget,asset_price_loss,scenario_difference_cell,0.3_minus_0.15_funding_0_market_1,0.3,0.15,,0,1,100,0.0306020315025,0.00188625882065,0.0267641223299,0.0343612047586,0.0259384710918,0.0352655919133
stress_budget,asset_price_loss,scenario_difference_cell,0.3_minus_0.15_funding_0_market_2,0.3,0.15,,0,2,100,0.0613683757323,0.00361177172346,0.0539571830887,0.0686049264909,0.0524386809112,0.0702980705535
stress_budget,asset_price_loss,scenario_difference_cell,0.3_minus_0.15_funding_1_market_0,0.3,0.15,,1,0,100,0.00301762466599,2.5369551565e-05,0.00296883364225,0.00306662352017,0.00295490133501,0.00308034799696
stress_budget,asset_price_loss,scenario_difference_cell,0.3_minus_0.15_funding_1_market_1,0.3,0.15,,1,1,100,0.0335782701257,0.00188313227104,0.0297480879443,0.0373143752361,0.0289224397533,0.0382341004981
stress_budget,asset_price_loss,scenario_difference_cell,0.3_minus_0.15_funding_1_market_2,0.3,0.15,,1,2,100,0.0643012087289,0.00360526172171,0.0569102469137,0.0715362067356,0.0553876091467,0.0732148083111
stress_budget,asset_price_loss,scenario_difference_cell,0.3_minus_0.15_funding_2_market_0,0.3,0.15,,2,0,100,0.0109511721525,3.4992295328e-05,0.0108844345212,0.011018108747,0.010864657682,0.0110376866231
stress_budget,asset_price_loss,scenario_difference_cell,0.3_minus_0.15_funding_2_market_1,0.3,0.15,,2,1,100,0.0413399979236,0.00186992506989,0.0375306254872,0.0450604205779,0.036716820854,0.0459631749932
stress_budget,asset_price_loss,scenario_difference_cell,0.3_minus_0.15_funding_2_market_2,0.3,0.15,,2,2,100,0.0718860160821,0.00358027545023,0.0645490466532,0.0790423113781,0.0630341922144,0.0807378399497
stress_budget,asset_price_loss,sensitivity_channel_difference,funding_minus_market_0_to_1,0.1,,0_to_1,,,100,-0.0203234634043,0.0013139153411,-0.0229135037963,-0.017720881685,-0.0229719683022,-0.0176749585063
stress_budget,asset_price_loss,sensitivity_channel_difference,funding_minus_market_1_to_2,0.1,,1_to_2,,,100,-0.0194273462326,0.00129041437568,-0.0219583645132,-0.016877616931,-0.0220284794163,-0.0168262130488
stress_budget,asset_price_loss,sensitivity_channel_difference,funding_minus_market_0_to_1,0.15,,0_to_1,,,100,-0.0302103677409,0.00196139808568,-0.0340713406923,-0.0263273990909,-0.0341640261497,-0.0262567093322
stress_budget,asset_price_loss,sensitivity_channel_difference,funding_minus_market_1_to_2,0.15,,1_to_2,,,100,-0.0275966019004,0.00191031395588,-0.0313343946698,-0.0238374633519,-0.0314472882502,-0.0237459155505
stress_budget,asset_price_loss,sensitivity_channel_difference,funding_minus_market_0_to_1,0.3,,0_to_1,,,100,-0.0577519698901,0.00386735562346,-0.0653269483175,-0.0500938461281,-0.0655475332651,-0.0499564065152
stress_budget,asset_price_loss,sensitivity_channel_difference,funding_minus_market_1_to_2,0.3,,1_to_2,,,100,-0.0505150080183,0.00366610594599,-0.057522208345,-0.0432984160017,-0.0579049054117,-0.0431251106249
stress_budget,asset_price_loss,sensitivity_channel_local,funding_0_to_1,0.1,,0_to_1,,,100,3.76057120907e-05,1.88904079867e-06,3.38950241018e-05,4.1299432834e-05,3.28477369056e-05,4.23636872759e-05
stress_budget,asset_price_loss,sensitivity_channel_local,market_0_to_1,0.1,,0_to_1,,,100,0.0203610691164,0.00128200079698,0.0178410961506,0.0228780037046,0.0171320610486,0.0235900771842
stress_budget,asset_price_loss,sensitivity_channel_local,funding_1_to_2,0.1,,1_to_2,,,100,0.000955695042671,1.52638403349e-05,0.000925707243922,0.000985168593149,0.000917249619156,0.000994140466187
stress_budget,asset_price_loss,sensitivity_channel_local,market_1_to_2,0.1,,1_to_2,,,100,0.0203830412753,0.00125916209767,0.0178983332408,0.0228454470966,0.0172115576213,0.0235545249293
stress_budget,asset_price_loss,sensitivity_channel_local,funding_0_to_1,0.15,,0_to_1,,,100,0.000333665103214,8.02269602236e-06,0.000317665330109,0.000348972904766,0.000313458134355,0.000353872072073
stress_budget,asset_price_loss,sensitivity_channel_local,market_0_to_1,0.15,,0_to_1,,,100,0.0305440328442,0.00191402022184,0.0267829900084,0.0342985497631,0.0257231413495,0.0353649243388
stress_budget,asset_price_loss,sensitivity_channel_local,funding_1_to_2,0.15,,1_to_2,,,100,0.00299773178646,2.49265958319e-05,0.00294978169934,0.00304590142887,0.00293494853451,0.00306051503842
stress_budget,asset_price_loss,sensitivity_channel_local,market_1_to_2,0.15,,1_to_2,,,100,0.0305943336868,0.00186245236666,0.0268958791564,0.0342248763346,0.0259033274628,0.0352853399108
stress_budget,asset_price_loss,sensitivity_channel_local,funding_0_to_1,0.3,,0_to_1,,,100,0.00330923053178,3.07928089656e-05,0.00324989501754,0.00336953054496,0.00323167189936,0.00338678916421
stress_budget,asset_price_loss,sensitivity_channel_local,market_0_to_1,0.3,,0_to_1,,,100,0.0610612004219,0.00377107762568,0.0536201802099,0.0684380549911,0.0515628911335,0.0705595097103
stress_budget,asset_price_loss,sensitivity_channel_local,funding_1_to_2,0.3,,1_to_2,,,100,0.0107577593324,3.74992168484e-05,0.0106832244186,0.0108294204214,0.0106633090995,0.0108522095652
stress_budget,asset_price_loss,sensitivity_channel_local,market_1_to_2,0.3,,1_to_2,,,100,0.0612727673506,0.00356278033227,0.0543015196232,0.068162382488,0.0522991017618,0.0702464329395
stress_budget,market_value_loss,scenario_difference_average,0.1_minus_0.15_average_stressed,0.1,0.15,,,,100,-0.0238412233263,0.00144498174973,-0.0267035404489,-0.0210676280831,-0.026698733403,-0.0209837132497
stress_budget,market_value_loss,scenario_difference_average,0.3_minus_0.15_average_stressed,0.3,0.15,,,,100,0.0703530964125,0.00411455953555,0.062451765437,0.0786565591769,0.062216387879,0.078489804946
stress_budget,market_value_loss,scenario_difference_cell,0.1_minus_0.15_funding_0_market_1,0.1,0.15,,0,1,100,-0.0212775592605,0.00135955284849,-0.0239577876217,-0.0186579688224,-0.0239958641669,-0.0185592543541
stress_budget,market_value_loss,scenario_difference_cell,0.1_minus_0.15_funding_0_market_2,0.1,0.15,,0,2,100,-0.042616540248,0.00265845533372,-0.047859722998,-0.0374973927001,-0.0479318850579,-0.037301195438
stress_budget,market_value_loss,scenario_difference_cell,0.1_minus_0.15_funding_1_market_0,0.1,0.15,,1,0,100,0,0,0,0,0,0
stress_budget,market_value_loss,scenario_difference_cell,0.1_minus_0.15_funding_1_market_1,0.1,0.15,,1,1,100,-0.021255845914,0.00135789512341,-0.0239290740508,-0.0186393054515,-0.0239708363467,-0.0185408554813
stress_budget,market_value_loss,scenario_difference_cell,0.1_minus_0.15_funding_1_market_2,0.1,0.15,,1,2,100,-0.0425724702378,0.00265510816365,-0.0478132301929,-0.0374594398477,-0.0478811226791,-0.0372638177964
stress_budget,market_value_loss,scenario_difference_cell,0.1_minus_0.15_funding_2_market_0,0.1,0.15,,2,0,100,0,0,0,0,0,0
stress_budget,market_value_loss,scenario_difference_cell,0.1_minus_0.15_funding_2_market_1,0.1,0.15,,2,1,100,-0.0209845632665,0.00133883201183,-0.0236247880548,-0.0184058461103,-0.0236614387043,-0.0183076878286
stress_budget,market_value_loss,scenario_difference_cell,0.1_minus_0.15_funding_2_market_2,0.1,0.15,,2,2,100,-0.0420228076839,0.00261672924184,-0.047185922533,-0.0369821647767,-0.0472547248872,-0.0367908904806
stress_budget,market_value_loss,scenario_difference_cell,0.3_minus_0.15_funding_0_market_1,0.3,0.15,,0,1,100,0.0639061928737,0.00400583073093,0.0561910546028,0.0717874715462,0.0558968908873,0.0719154948601
stress_budget,market_value_loss,scenario_difference_cell,0.3_minus_0.15_funding_0_market_2,0.3,0.15,,0,2,100,0.128166155206,0.00767939156321,0.113468727284,0.143307611279,0.11281189532,0.143520415092
stress_budget,market_value_loss,scenario_difference_cell,0.3_minus_0.15_funding_1_market_0,0.3,0.15,,1,0,100,0,0,0,0,0,0
stress_budget,market_value_loss,scenario_difference_cell,0.3_minus_0.15_funding_1_market_1,0.3,0.15,,1,1,100,0.0632222632679,0.0039573959855,0.0555933026797,0.0710328443763,0.0553098022437,0.071134724292
stress_budget,market_value_loss,scenario_difference_cell,0.3_minus_0.15_funding_1_market_2,0.3,0.15,,1,2,100,0.126761723042,0.00758128586177,0.112241009598,0.141719045353,0.111603616773,0.14191982931
stress_budget,market_value_loss,scenario_difference_cell,0.3_minus_0.15_funding_2_market_0,0.3,0.15,,2,0,100,0,0,0,0,0,0
stress_budget,market_value_loss,scenario_difference_cell,0.3_minus_0.15_funding_2_market_1,0.3,0.15,,2,1,100,0.0601972572685,0.00375949781441,0.0529851743384,0.067653925665,0.0526804760225,0.0677140385145
stress_budget,market_value_loss,scenario_difference_cell,0.3_minus_0.15_funding_2_market_2,0.3,0.15,,2,2,100,0.120571179642,0.00718358505175,0.106830017871,0.134853922846,0.106208240744,0.13493411854
stress_budget,market_value_loss,sensitivity_channel_difference,funding_minus_market_0_to_1,0.1,,0_to_1,,,100,-0.0425017594226,0.00273501584825,-0.0483052411957,-0.0374963469199,-0.0479286037368,-0.0370749151083
stress_budget,market_value_loss,sensitivity_channel_difference,funding_minus_market_1_to_2,0.1,,1_to_2,,,100,-0.0426031918068,0.00269021900262,-0.0482872522269,-0.0376622866505,-0.0479411497962,-0.0372652338173
stress_budget,market_value_loss,sensitivity_channel_difference,funding_minus_market_0_to_1,0.15,,0_to_1,,,100,-0.0636963433551,0.00407906279834,-0.0723270940504,-0.0562107055061,-0.0717900583399,-0.0556026283703
stress_budget,market_value_loss,sensitivity_channel_difference,funding_minus_market_1_to_2,0.15,,1_to_2,,,100,-0.0641081234501,0.00399003776738,-0.0725144635541,-0.0567704283764,-0.0720251941265,-0.0561910527738
stress_budget,market_value_loss,sensitivity_channel_difference,funding_minus_market_0_to_1,0.3,,0_to_1,,,100,-0.126834368415,0.0080049001466,-0.143742240103,-0.112078889826,-0.142717766998,-0.110950969833
stress_budget,market_value_loss,sensitivity_channel_difference,funding_minus_market_1_to_2,0.3,,1_to_2,,,100,-0.12990442141,0.00772717517888,-0.146168228757,-0.115810140395,-0.145236755484,-0.114572087335
stress_budget,market_value_loss,sensitivity_channel_local,funding_0_to_1,0.1,,0_to_1,,,100,-9.85992249667e-07,1.55224891059e-07,-1.30417011148e-06,-7.00649352509e-07,-1.3564601177e-06,-6.15524381638e-07
stress_budget,market_value_loss,sensitivity_channel_local,market_0_to_1,0.1,,0_to_1,,,100,0.0425007734303,0.00275244322472,0.0370366923219,0.0478334580072,0.0359316480383,0.0490698988223
stress_budget,market_value_loss,sensitivity_channel_local,funding_1_to_2,0.1,,1_to_2,,,100,-5.52934230313e-05,6.32489242017e-06,-6.80244165713e-05,-4.35783708123e-05,-7.03887430822e-05,-4.01981029804e-05
stress_budget,market_value_loss,sensitivity_channel_local,market_1_to_2,0.1,,1_to_2,,,100,0.0425478983837,0.00270474602604,0.0371481391793,0.0477735849414,0.0360926096283,0.0490031871392
stress_budget,market_value_loss,sensitivity_channel_local,funding_0_to_1,0.15,,0_to_1,,,100,-2.29137778293e-05,2.88158766486e-06,-2.87746613839e-05,-1.76675030047e-05,-2.97911261171e-05,-1.60364295416e-05
stress_budget,market_value_loss,sensitivity_channel_local,market_0_to_1,0.15,,0_to_1,,,100,0.0636734295773,0.00410403006958,0.0555332454208,0.0716162392739,0.0538785361177,0.0734683230369
stress_budget,market_value_loss,sensitivity_channel_local,funding_1_to_2,0.15,,1_to_2,,,100,-0.000328941823504,3.28595627644e-05,-0.000394755536783,-0.000267616021643,-0.000407366179795,-0.000250517467213
stress_budget,market_value_loss,sensitivity_channel_local,market_1_to_2,0.15,,1_to_2,,,100,0.0637791816266,0.003996160086,0.055765618131,0.0715481337999,0.0542417363287,0.0733166269246
stress_budget,market_value_loss,sensitivity_channel_local,funding_0_to_1,0.3,,0_to_1,,,100,-0.000719034367858,7.23672994375e-05,-0.000864965606543,-0.000584734727628,-0.000891749961051,-0.000546318774665
stress_budget,market_value_loss,sensitivity_channel_local,market_0_to_1,0.3,,0_to_1,,,100,0.126115334047,0.00801045883991,0.110139613691,0.141575968588,0.106997152755,0.14523351534
stress_budget,market_value_loss,sensitivity_channel_local,funding_1_to_2,0.3,,1_to_2,,,100,-0.0034007916231,0.000283039945437,-0.00394657656762,-0.00284575943521,-0.00407630960502,-0.00272527364117
stress_budget,market_value_loss,sensitivity_channel_local,market_1_to_2,0.3,,1_to_2,,,100,0.126503629787,0.00757203777156,0.111382371568,0.141145942802,0.108431807215,0.144575452358
stress_budget,fire_sale_value_loss,scenario_difference_average,0.1_minus_0.15_average_stressed,0.1,0.15,,,,100,-0.00205042658943,1.57929755751e-05,-0.00208078379782,-0.00201946152838,-0.00208400166033,-0.00201685151852
stress_budget,fire_sale_value_loss,scenario_difference_average,0.3_minus_0.15_average_stressed,0.3,0.15,,,,100,0.0104331160814,3.18035049126e-05,0.0103697083546,0.0104923651598,0.0103655034312,0.0105007287315
stress_budget,fire_sale_value_loss,scenario_difference_cell,0.1_minus_0.15_funding_0_market_1,0.1,0.15,,0,1,100,0,0,0,0,0,0
stress_budget,fire_sale_value_loss,scenario_difference_cell,0.1_minus_0.15_funding_0_market_2,0.1,0.15,,0,2,100,0,0,0,0,0,0
stress_budget,fire_sale_value_loss,scenario_difference_cell,0.1_minus_0.15_funding_1_market_0,0.1,0.15,,1,0,100,-0.000619799706507,1.41861012585e-05,-0.000647493958379,-0.00059145661005,-0.000652957747194,-0.00058664166582
stress_budget,fire_sale_value_loss,scenario_difference_cell,0.1_minus_0.15_funding_1_market_1,0.1,0.15,,1,1,100,-0.000619800028497,1.41861145827e-05,-0.000647494316915,-0.000591456940682,-0.000652958100327,-0.000586641956667
stress_budget,fire_sale_value_loss,scenario_difference_cell,0.1_minus_0.15_funding_1_market_2,0.1,0.15,,1,2,100,-0.000619800380957,1.41861291818e-05,-0.00064749471008,-0.000591457303956,-0.000652958486911,-0.000586642275003
stress_budget,fire_sale_value_loss,scenario_difference_cell,0.1_minus_0.15_funding_2_market_0,0.1,0.15,,2,0,100,-0.0048479857815,3.3634860252e-05,-0.00491128947414,-0.00478348036523,-0.00492660259414,-0.00476936896886
stress_budget,fire_sale_value_loss,scenario_difference_cell,0.1_minus_0.15_funding_2_market_1,0.1,0.15,,2,1,100,-0.00484800363137,3.36350962122e-05,-0.00491130894782,-0.00478349979349,-0.00492662099553,-0.0047693862672
stress_budget,fire_sale_value_loss,scenario_difference_cell,0.1_minus_0.15_funding_2_market_2,0.1,0.15,,2,2,100,-0.0048480231866,3.36353588058e-05,-0.00491133029114,-0.004783521161,-0.00492664116454,-0.00476940520866
stress_budget,fire_sale_value_loss,scenario_difference_cell,0.3_minus_0.15_funding_0_market_1,0.3,0.15,,0,1,100,0,0,0,0,0,0
stress_budget,fire_sale_value_loss,scenario_difference_cell,0.3_minus_0.15_funding_0_market_2,0.3,0.15,,0,2,100,0,0,0,0,0,0
stress_budget,fire_sale_value_loss,scenario_difference_cell,0.3_minus_0.15_funding_1_market_0,0.3,0.15,,1,0,100,0.0062224711717,5.00326562345e-05,0.00612656175451,0.00631814504052,0.00610552678925,0.00633941555416
stress_budget,fire_sale_value_loss,scenario_difference_cell,0.3_minus_0.15_funding_1_market_1,0.3,0.15,,1,1,100,0.00622251123294,5.00331995989e-05,0.00612660332252,0.00631818188636,0.00610556558044,0.00633945688543
stress_budget,fire_sale_value_loss,scenario_difference_cell,0.3_minus_0.15_funding_1_market_2,0.3,0.15,,1,2,100,0.00622255956317,5.0033878492e-05,0.00612665344593,0.00631822575,0.00610561232386,0.00633950680248
stress_budget,fire_sale_value_loss,scenario_difference_cell,0.3_minus_0.15_funding_2_market_0,0.3,0.15,,2,0,100,0.02159862209,4.62457390856e-05,0.0215090231866,0.0216839725508,0.0214905291002,0.0217067150797
stress_budget,fire_sale_value_loss,scenario_difference_cell,0.3_minus_0.15_funding_2_market_1,0.3,0.15,,2,1,100,0.0215990955854,4.62464010947e-05,0.02150947503,0.021684393256,0.0214910010482,0.0217071901225
stress_budget,fire_sale_value_loss,scenario_difference_cell,0.3_minus_0.15_funding_2_market_2,0.3,0.15,,2,2,100,0.021599669008,4.62476562464e-05,0.0215100004261,0.0216849027619,0.0214915715371,0.0217077664788
stress_budget,fire_sale_value_loss,sensitivity_channel_difference,funding_minus_market_0_to_1,0.1,,0_to_1,,,100,7.85720803886e-05,3.91228126285e-06,7.13291409929e-05,8.60688418982e-05,6.89658648829e-05,8.81782958943e-05
stress_budget,fire_sale_value_loss,sensitivity_channel_difference,funding_minus_market_1_to_2,0.1,,1_to_2,,,100,0.00199428605496,3.31652998307e-05,0.00192693468871,0.00205722268205,0.00191285197697,0.00207572013295
stress_budget,fire_sale_value_loss,sensitivity_channel_difference,funding_minus_market_0_to_1,0.15,,0_to_1,,,100,0.000698366061758,1.735170789e-05,0.000663162055254,0.000731352520354,0.000655760677793,0.000740971445723
stress_budget,fire_sale_value_loss,sensitivity_channel_difference,funding_minus_market_1_to_2,0.15,,1_to_2,,,100,0.00622248358023,5.0214945303e-05,0.00612380960823,0.00632078146829,0.00609918580234,0.00634578135812
stress_budget,fire_sale_value_loss,sensitivity_channel_difference,funding_minus_market_0_to_1,0.3,,0_to_1,,,100,0.00692070886549,6.3982473167e-05,0.00679285293388,0.00704297444788,0.00676360629935,0.00707781143162
stress_budget,fire_sale_value_loss,sensitivity_channel_difference,funding_minus_market_1_to_2,0.3,,1_to_2,,,100,0.0215988912345,4.70919870742e-05,0.0215060490456,0.0216909887397,0.0214832615683,0.0217145209006
stress_budget,fire_sale_value_loss,sensitivity_channel_local,funding_0_to_1,0.1,,0_to_1,,,100,7.85725647965e-05,4.04389188146e-06,7.0990127297e-05,8.68930598467e-05,6.80713532543e-05,8.90737763387e-05
stress_budget,fire_sale_value_loss,sensitivity_channel_local,market_0_to_1,0.1,,0_to_1,,,100,4.8440787807e-10,3.64592683472e-11,4.14030630377e-10,5.56653582673e-10,3.8973015156e-10,5.79085604579e-10
stress_budget,fire_sale_value_loss,sensitivity_channel_local,funding_1_to_2,0.1,,1_to_2,,,100,0.00199428656854,3.22378524171e-05,0.00192940068249,0.00205759600832,0.00191057104948,0.00207800208761
stress_budget,fire_sale_value_loss,sensitivity_channel_local,market_1_to_2,0.1,,1_to_2,,,100,5.13581372365e-10,3.92403358592e-11,4.37618813087e-10,5.91592420071e-10,4.11681746974e-10,6.15480997757e-10
stress_budget,fire_sale_value_loss,sensitivity_channel_local,funding_0_to_1,0.15,,0_to_1,,,100,0.00069837260345,1.72312959745e-05,0.000665150066969,0.000732913176065,0.000653626233004,0.000743118973897
stress_budget,fire_sale_value_loss,sensitivity_channel_local,market_0_to_1,0.15,,0_to_1,,,100,6.54169214334e-09,4.63875338693e-10,5.67224705943e-09,7.45387760249e-09,5.33709686641e-09,7.74628742026e-09
stress_budget,fire_sale_value_loss,sensitivity_channel_local,funding_1_to_2,0.15,,1_to_2,,,100,0.00622249072971,4.90063778534e-05,0.00612448711444,0.00631946379827,0.00609523056652,0.0063497508929
stress_budget,fire_sale_value_loss,sensitivity_channel_local,market_1_to_2,0.15,,1_to_2,,,100,7.14948044668e-09,5.20463191689e-10,6.18017710993e-09,8.18645291971e-09,5.79793736985e-09,8.50102352351e-09
stress_budget,fire_sale_value_loss,sensitivity_channel_local,funding_0_to_1,0.3,,0_to_1,,,100,0.00692088659272,6.22889127889e-05,0.00680046901288,0.00704721528454,0.00675913423408,0.00708263895136
stress_budget,fire_sale_value_loss,sensitivity_channel_local,market_0_to_1,0.3,,0_to_1,,,100,1.777272342e-07,1.2778859847e-08,1.5392588676e-07,2.03014478864e-07,1.44542986338e-07,2.10911482062e-07
stress_budget,fire_sale_value_loss,sensitivity_channel_local,funding_1_to_2,0.3,,1_to_2,,,100,0.0215991056349,4.60186051278e-05,0.02150558855,0.0216861084309,0.0214796041444,0.0217186071254
stress_budget,fire_sale_value_loss,sensitivity_channel_local,market_1_to_2,0.3,,1_to_2,,,100,2.14400428833e-07,1.63118809689e-08,1.84248714187e-07,2.47347498891e-07,1.720416028e-07,2.56759254867e-07
stress_budget,liability_reduction,scenario_difference_average,0.1_minus_0.15_average_stressed,0.1,0.15,,,,100,-0.0281042046541,4.24101930413e-05,-0.0281902599318,-0.028024052638,-0.0281879253393,-0.028020483969
stress_budget,liability_reduction,scenario_difference_average,0.3_minus_0.15_average_stressed,0.3,0.15,,,,100,0.0843126139623,0.000127230579121,0.0840721579139,0.0845707797953,0.0840614519069,0.0845637760176
stress_budget,liability_reduction,scenario_difference_cell,0.1_minus_0.15_funding_0_market_1,0.1,0.15,,0,1,100,0,0,0,0,0,0
stress_budget,liability_reduction,scenario_difference_cell,0.1_minus_0.15_funding_0_market_2,0.1,0.15,,0,2,100,0,0,0,0,0,0
stress_budget,liability_reduction,scenario_difference_cell,0.1_minus_0.15_funding_1_market_0,0.1,0.15,,1,0,100,-0.0249815152481,3.68763857485e-05,-0.0250572351294,-0.0249115726115,-0.0250536627667,-0.0249093677295
stress_budget,liability_reduction,scenario_difference_cell,0.1_minus_0.15_funding_1_market_1,0.1,0.15,,1,1,100,-0.0249815152481,3.68763857485e-05,-0.0250572351294,-0.0249115726115,-0.0250536627667,-0.0249093677295
stress_budget,liability_reduction,scenario_difference_cell,0.1_minus_0.15_funding_1_market_2,0.1,0.15,,1,2,100,-0.0249815152481,3.68763857485e-05,-0.0250572351294,-0.0249115726115,-0.0250536627667,-0.0249093677295
stress_budget,liability_reduction,scenario_difference_cell,0.1_minus_0.15_funding_2_market_0,0.1,0.15,,2,0,100,-0.0499630304963,7.37527714993e-05,-0.0501144702589,-0.0498231452231,-0.0501073255334,-0.0498187354591
stress_budget,liability_reduction,scenario_difference_cell,0.1_minus_0.15_funding_2_market_1,0.1,0.15,,2,1,100,-0.0499630304963,7.37527714993e-05,-0.0501144702589,-0.0498231452231,-0.0501073255334,-0.0498187354591
stress_budget,liability_reduction,scenario_difference_cell,0.1_minus_0.15_funding_2_market_2,0.1,0.15,,2,2,100,-0.0499630304963,7.37527714993e-05,-0.0501144702589,-0.0498231452231,-0.0501073255334,-0.0498187354591
stress_budget,liability_reduction,scenario_difference_cell,0.3_minus_0.15_funding_0_market_1,0.3,0.15,,0,1,100,0,0,0,0,0,0
stress_budget,liability_reduction,scenario_difference_cell,0.3_minus_0.15_funding_0_market_2,0.3,0.15,,0,2,100,0,0,0,0,0,0
stress_budget,liability_reduction,scenario_difference_cell,0.3_minus_0.15_funding_1_market_0,0.3,0.15,,1,0,100,0.0749445457443,0.000110629157245,0.0747347178346,0.0751717053883,0.0747281031886,0.0751609883001
stress_budget,liability_reduction,scenario_difference_cell,0.3_minus_0.15_funding_1_market_1,0.3,0.15,,1,1,100,0.0749445457443,0.000110629157245,0.0747347178346,0.0751717053883,0.0747281031886,0.0751609883001
stress_budget,liability_reduction,scenario_difference_cell,0.3_minus_0.15_funding_1_market_2,0.3,0.15,,1,2,100,0.0749445457443,0.000110629157245,0.0747347178346,0.0751717053883,0.0747281031886,0.0751609883001
stress_budget,liability_reduction,scenario_difference_cell,0.3_minus_0.15_funding_2_market_0,0.3,0.15,,2,0,100,0.149889091488,0.000221258314488,0.149469435669,0.150343410776,0.149456206377,0.1503219766
stress_budget,liability_reduction,scenario_difference_cell,0.3_minus_0.15_funding_2_market_1,0.3,0.15,,2,1,100,0.149889091488,0.000221258314488,0.149469435669,0.150343410776,0.149456206377,0.1503219766
stress_budget,liability_reduction,scenario_difference_cell,0.3_minus_0.15_funding_2_market_2,0.3,0.15,,2,2,100,0.149889091488,0.000221258314488,0.149469435669,0.150343410776,0.149456206377,0.1503219766
stress_budget,liability_reduction,sensitivity_channel_difference,funding_minus_market_0_to_1,0.1,,0_to_1,,,100,0.0499630304962,7.61648380142e-05,0.0498115358806,0.0501078623106,0.0498152913108,0.0501107696816
stress_budget,liability_reduction,sensitivity_channel_difference,funding_minus_market_1_to_2,0.1,,1_to_2,,,100,0.0499630304962,7.61648380126e-05,0.0498115358806,0.0501078623106,0.0498152913108,0.0501107696815
stress_budget,liability_reduction,sensitivity_channel_difference,funding_minus_market_0_to_1,0.15,,0_to_1,,,100,0.0749445457443,0.000114247257022,0.0747173038209,0.075161793466,0.0747229369662,0.0751661545224
stress_budget,liability_reduction,sensitivity_channel_difference,funding_minus_market_1_to_2,0.15,,1_to_2,,,100,0.0749445457443,0.000114247257022,0.074717303821,0.075161793466,0.0747229369663,0.0751661545224
stress_budget,liability_reduction,sensitivity_channel_difference,funding_minus_market_0_to_1,0.3,,0_to_1,,,100,0.149889091489,0.000228494514044,0.149434607642,0.150323586932,0.149445873933,0.150332309045
stress_budget,liability_reduction,sensitivity_channel_difference,funding_minus_market_1_to_2,0.3,,1_to_2,,,100,0.149889091488,0.000228494514044,0.149434607642,0.150323586932,0.149445873932,0.150332309045
stress_budget,liability_reduction,sensitivity_channel_local,funding_0_to_1,0.1,,0_to_1,,,100,0.0499630304962,7.37881763469e-05,0.0498224292725,0.0501076836963,0.0498205117144,0.0501055492779
stress_budget,liability_reduction,sensitivity_channel_local,market_0_to_1,0.1,,0_to_1,,,100,0,0,0,0,0,0
stress_budget,liability_reduction,sensitivity_channel_local,funding_1_to_2,0.1,,1_to_2,,,100,0.0499630304962,7.37881763451e-05,0.0498224292725,0.0501076836964,0.0498205117144,0.0501055492779
stress_budget,liability_reduction,sensitivity_channel_local,market_1_to_2,0.1,,1_to_2,,,100,0,0,0,0,0,0
stress_budget,liability_reduction,sensitivity_channel_local,funding_0_to_1,0.15,,0_to_1,,,100,0.0749445457443,0.000110682264521,0.0747336439088,0.0751615255445,0.0747307675717,0.0751583239169
stress_budget,liability_reduction,sensitivity_channel_local,market_0_to_1,0.15,,0_to_1,,,100,0,0,0,0,0,0
stress_budget,liability_reduction,sensitivity_channel_local,funding_1_to_2,0.15,,1_to_2,,,100,0.0749445457443,0.000110682264521,0.0747336439088,0.0751615255446,0.0747307675717,0.075158323917
stress_budget,liability_reduction,sensitivity_channel_local,market_1_to_2,0.15,,1_to_2,,,100,0,0,0,0,0,0
stress_budget,liability_reduction,sensitivity_channel_local,funding_0_to_1,0.3,,0_to_1,,,100,0.149889091489,0.000221364529042,0.149467287818,0.150323051089,0.149461535143,0.150316647834
stress_budget,liability_reduction,sensitivity_channel_local,market_0_to_1,0.3,,0_to_1,,,100,0,0,0,0,0,0
stress_budget,liability_reduction,sensitivity_channel_local,funding_1_to_2,0.3,,1_to_2,,,100,0.149889091488,0.000221364529042,0.149467287817,0.150323051089,0.149461535143,0.150316647834
stress_budget,liability_reduction,sensitivity_channel_local,market_1_to_2,0.3,,1_to_2,,,100,0,0,0,0,0,0
stress_budget,forced_sale_proceeds,scenario_difference_average,0.1_minus_0.15_average_stressed,0.1,0.15,,,,100,-0.0136678638149,0.000107112334877,-0.0138761969645,-0.0134540840632,-0.0138945025482,-0.0134412250815
stress_budget,forced_sale_proceeds,scenario_difference_average,0.3_minus_0.15_average_stressed,0.3,0.15,,,,100,0.0695292596217,0.000212938349854,0.0690980608552,0.0699528003099,0.0690787038761,0.0699798153672
stress_budget,forced_sale_proceeds,scenario_difference_cell,0.1_minus_0.15_funding_0_market_1,0.1,0.15,,0,1,100,0,0,0,0,0,0
stress_budget,forced_sale_proceeds,scenario_difference_cell,0.1_minus_0.15_funding_0_market_2,0.1,0.15,,0,2,100,0,0,0,0,0,0
stress_budget,forced_sale_proceeds,scenario_difference_cell,0.1_minus_0.15_funding_1_market_0,0.1,0.15,,1,0,100,-0.00413192442044,9.26336859812e-05,-0.00431033886652,-0.00395096951024,-0.00434894530383,-0.00391490353704
stress_budget,forced_sale_proceeds,scenario_difference_cell,0.1_minus_0.15_funding_1_market_1,0.1,0.15,,1,1,100,-0.00413192442044,9.26336859812e-05,-0.00431033886652,-0.00395096951024,-0.00434894530383,-0.00391490353704
stress_budget,forced_sale_proceeds,scenario_difference_cell,0.1_minus_0.15_funding_1_market_2,0.1,0.15,,1,2,100,-0.00413192442044,9.26336859812e-05,-0.00431033886652,-0.00395096951024,-0.00434894530383,-0.00391490353704
stress_budget,forced_sale_proceeds,scenario_difference_cell,0.1_minus_0.15_funding_2_market_0,0.1,0.15,,2,0,100,-0.0323157124192,0.000215828692608,-0.0327210300076,-0.0318916646353,-0.0328213528138,-0.0318100720246
stress_budget,forced_sale_proceeds,scenario_difference_cell,0.1_minus_0.15_funding_2_market_1,0.1,0.15,,2,1,100,-0.0323157124192,0.000215828692608,-0.0327210300076,-0.0318916646353,-0.0328213528138,-0.0318100720246
stress_budget,forced_sale_proceeds,scenario_difference_cell,0.1_minus_0.15_funding_2_market_2,0.1,0.15,,2,2,100,-0.0323157124192,0.000215828692608,-0.0327210300076,-0.0318916646353,-0.0328213528138,-0.0318100720246
stress_budget,forced_sale_proceeds,scenario_difference_cell,0.3_minus_0.15_funding_0_market_1,0.3,0.15,,0,1,100,0,0,0,0,0,0
stress_budget,forced_sale_proceeds,scenario_difference_cell,0.3_minus_0.15_funding_0_market_2,0.3,0.15,,0,2,100,0,0,0,0,0,0
stress_budget,forced_sale_proceeds,scenario_difference_cell,0.3_minus_0.15_funding_1_market_0,0.3,0.15,,1,0,100,0.0414785000844,0.000321234209218,0.0408347691086,0.0420923034196,0.0407259171431,0.0422310830257
stress_budget,forced_sale_proceeds,scenario_difference_cell,0.3_minus_0.15_funding_1_market_1,0.3,0.15,,1,1,100,0.0414785000844,0.000321234209218,0.0408347691086,0.0420923034196,0.0407259171431,0.0422310830257
stress_budget,forced_sale_proceeds,scenario_difference_cell,0.3_minus_0.15_funding_1_market_2,0.3,0.15,,1,2,100,0.0414785000844,0.000321234209218,0.0408347691086,0.0420923034196,0.0407259171431,0.0422310830257
stress_budget,forced_sale_proceeds,scenario_difference_cell,0.3_minus_0.15_funding_2_market_0,0.3,0.15,,2,0,100,0.143932858907,0.000306895194282,0.143329561335,0.144534242854,0.143213869206,0.144651848608
stress_budget,forced_sale_proceeds,scenario_difference_cell,0.3_minus_0.15_funding_2_market_1,0.3,0.15,,2,1,100,0.143932858907,0.000306895194282,0.143329561335,0.144534242854,0.143213869206,0.144651848608
stress_budget,forced_sale_proceeds,scenario_difference_cell,0.3_minus_0.15_funding_2_market_2,0.3,0.15,,2,2,100,0.143932858907,0.000306895194282,0.143329561335,0.144534242854,0.143213869206,0.144651848608
stress_budget,forced_sale_proceeds,sensitivity_channel_difference,funding_minus_market_0_to_1,0.1,,0_to_1,,,100,0.000523815350857,2.59887516641e-05,0.00047425921325,0.000575948599005,0.000460239443202,0.000587391258513
stress_budget,forced_sale_proceeds,sensitivity_channel_difference,funding_minus_market_1_to_2,0.1,,1_to_2,,,100,0.0132947120856,0.000214141718667,0.0128660505563,0.0137128828208,0.0127708602936,0.0138185638776
stress_budget,forced_sale_proceeds,sensitivity_channel_difference,funding_minus_market_0_to_1,0.15,,0_to_1,,,100,0.0046557397713,0.000113219106363,0.00442116316379,0.00487392758406,0.00437877350743,0.00493270603516
stress_budget,forced_sale_proceeds,sensitivity_channel_difference,funding_minus_market_1_to_2,0.15,,1_to_2,,,100,0.0414785000844,0.000332074935264,0.0407995619152,0.0421298227308,0.0406661499688,0.0422908502
stress_budget,forced_sale_proceeds,sensitivity_channel_difference,funding_minus_market_0_to_1,0.3,,0_to_1,,,100,0.0461342398557,0.000419268206005,0.0452890406559,0.0469375086077,0.0451085901018,0.0471598896096
stress_budget,forced_sale_proceeds,sensitivity_channel_difference,funding_minus_market_1_to_2,0.3,,1_to_2,,,100,0.143932858907,0.000309111318123,0.143316246396,0.14454670836,0.143176684356,0.144689033458
stress_budget,forced_sale_proceeds,sensitivity_channel_local,funding_0_to_1,0.1,,0_to_1,,,100,0.000523815350857,2.58575047512e-05,0.000473335427345,0.00057449422641,0.000461241653959,0.000586389047755
stress_budget,forced_sale_proceeds,sensitivity_channel_local,market_0_to_1,0.1,,0_to_1,,,100,0,0,0,0,0,0
stress_budget,forced_sale_proceeds,sensitivity_channel_local,funding_1_to_2,0.1,,1_to_2,,,100,0.0132947120856,0.000210780400853,0.0128706750581,0.013706173558,0.0127846354544,0.0138047887168
stress_budget,forced_sale_proceeds,sensitivity_channel_local,market_1_to_2,0.1,,1_to_2,,,100,0,0,0,0,0,0
stress_budget,forced_sale_proceeds,sensitivity_channel_local,funding_0_to_1,0.15,,0_to_1,,,100,0.0046557397713,0.000112520428561,0.0044341145421,0.00487549242411,0.00438344670747,0.00492803283512
stress_budget,forced_sale_proceeds,sensitivity_channel_local,market_0_to_1,0.15,,0_to_1,,,100,0,0,0,0,0,0
stress_budget,forced_sale_proceeds,sensitivity_channel_local,funding_1_to_2,0.15,,1_to_2,,,100,0.0414785000844,0.000320034605933,0.0408432409738,0.0421020967286,0.0407040344652,0.0422529657036
stress_budget,forced_sale_proceeds,sensitivity_channel_local,market_1_to_2,0.15,,1_to_2,,,100,0,0,0,0,0,0
stress_budget,forced_sale_proceeds,sensitivity_channel_local,funding_0_to_1,0.3,,0_to_1,,,100,0.0461342398557,0.000407782260835,0.0453116197929,0.0469273683011,0.0451474298817,0.0471210498297
stress_budget,forced_sale_proceeds,sensitivity_channel_local,market_0_to_1,0.3,,0_to_1,,,100,0,0,0,0,0,0
stress_budget,forced_sale_proceeds,sensitivity_channel_local,funding_1_to_2,0.3,,1_to_2,,,100,0.143932858907,0.00030697696315,0.143327370748,0.144519672801,0.143189992043,0.14467572577
stress_budget,forced_sale_proceeds,sensitivity_channel_local,market_1_to_2,0.3,,1_to_2,,,100,0,0,0,0,0,0
stress_budget,exit_risk,scenario_difference_average,0.1_minus_0.15_average_stressed,0.1,0.15,,,,100,0,0,0,0,0,0
stress_budget,exit_risk,scenario_difference_average,0.3_minus_0.15_average_stressed,0.3,0.15,,,,100,0,0,0,0,0,0
stress_budget,exit_risk,scenario_difference_cell,0.1_minus_0.15_funding_0_market_1,0.1,0.15,,0,1,100,0,0,0,0,0,0
stress_budget,exit_risk,scenario_difference_cell,0.1_minus_0.15_funding_0_market_2,0.1,0.15,,0,2,100,0,0,0,0,0,0
stress_budget,exit_risk,scenario_difference_cell,0.1_minus_0.15_funding_1_market_0,0.1,0.15,,1,0,100,0,0,0,0,0,0
stress_budget,exit_risk,scenario_difference_cell,0.1_minus_0.15_funding_1_market_1,0.1,0.15,,1,1,100,0,0,0,0,0,0
stress_budget,exit_risk,scenario_difference_cell,0.1_minus_0.15_funding_1_market_2,0.1,0.15,,1,2,100,0,0,0,0,0,0
stress_budget,exit_risk,scenario_difference_cell,0.1_minus_0.15_funding_2_market_0,0.1,0.15,,2,0,100,0,0,0,0,0,0
stress_budget,exit_risk,scenario_difference_cell,0.1_minus_0.15_funding_2_market_1,0.1,0.15,,2,1,100,0,0,0,0,0,0
stress_budget,exit_risk,scenario_difference_cell,0.1_minus_0.15_funding_2_market_2,0.1,0.15,,2,2,100,0,0,0,0,0,0
stress_budget,exit_risk,scenario_difference_cell,0.3_minus_0.15_funding_0_market_1,0.3,0.15,,0,1,100,0,0,0,0,0,0
stress_budget,exit_risk,scenario_difference_cell,0.3_minus_0.15_funding_0_market_2,0.3,0.15,,0,2,100,0,0,0,0,0,0
stress_budget,exit_risk,scenario_difference_cell,0.3_minus_0.15_funding_1_market_0,0.3,0.15,,1,0,100,0,0,0,0,0,0
stress_budget,exit_risk,scenario_difference_cell,0.3_minus_0.15_funding_1_market_1,0.3,0.15,,1,1,100,0,0,0,0,0,0
stress_budget,exit_risk,scenario_difference_cell,0.3_minus_0.15_funding_1_market_2,0.3,0.15,,1,2,100,0,0,0,0,0,0
stress_budget,exit_risk,scenario_difference_cell,0.3_minus_0.15_funding_2_market_0,0.3,0.15,,2,0,100,0,0,0,0,0,0
stress_budget,exit_risk,scenario_difference_cell,0.3_minus_0.15_funding_2_market_1,0.3,0.15,,2,1,100,0,0,0,0,0,0
stress_budget,exit_risk,scenario_difference_cell,0.3_minus_0.15_funding_2_market_2,0.3,0.15,,2,2,100,0,0,0,0,0,0
stress_budget,exit_risk,sensitivity_channel_difference,funding_minus_market_0_to_1,0.1,,0_to_1,,,100,0,0,0,0,0,0
stress_budget,exit_risk,sensitivity_channel_difference,funding_minus_market_1_to_2,0.1,,1_to_2,,,100,0,0,0,0,0,0
stress_budget,exit_risk,sensitivity_channel_difference,funding_minus_market_0_to_1,0.15,,0_to_1,,,100,0,0,0,0,0,0
stress_budget,exit_risk,sensitivity_channel_difference,funding_minus_market_1_to_2,0.15,,1_to_2,,,100,0,0,0,0,0,0
stress_budget,exit_risk,sensitivity_channel_difference,funding_minus_market_0_to_1,0.3,,0_to_1,,,100,0,0,0,0,0,0
stress_budget,exit_risk,sensitivity_channel_difference,funding_minus_market_1_to_2,0.3,,1_to_2,,,100,0,0,0,0,0,0
stress_budget,exit_risk,sensitivity_channel_local,funding_0_to_1,0.1,,0_to_1,,,100,0,0,0,0,0,0
stress_budget,exit_risk,sensitivity_channel_local,market_0_to_1,0.1,,0_to_1,,,100,0,0,0,0,0,0
stress_budget,exit_risk,sensitivity_channel_local,funding_1_to_2,0.1,,1_to_2,,,100,0,0,0,0,0,0
stress_budget,exit_risk,sensitivity_channel_local,market_1_to_2,0.1,,1_to_2,,,100,0,0,0,0,0,0
stress_budget,exit_risk,sensitivity_channel_local,funding_0_to_1,0.15,,0_to_1,,,100,0,0,0,0,0,0
stress_budget,exit_risk,sensitivity_channel_local,market_0_to_1,0.15,,0_to_1,,,100,0,0,0,0,0,0
stress_budget,exit_risk,sensitivity_channel_local,funding_1_to_2,0.15,,1_to_2,,,100,0,0,0,0,0,0
stress_budget,exit_risk,sensitivity_channel_local,market_1_to_2,0.15,,1_to_2,,,100,0,0,0,0,0,0
stress_budget,exit_risk,sensitivity_channel_local,funding_0_to_1,0.3,,0_to_1,,,100,0,0,0,0,0,0
stress_budget,exit_risk,sensitivity_channel_local,market_0_to_1,0.3,,0_to_1,,,100,0,0,0,0,0,0
stress_budget,exit_risk,sensitivity_channel_local,funding_1_to_2,0.3,,1_to_2,,,100,0,0,0,0,0,0
stress_budget,exit_risk,sensitivity_channel_local,market_1_to_2,0.3,,1_to_2,,,100,0,0,0,0,0,0
