outcome,calibration_ratio,price_impact_lambda,funding_intensity,market_intensity,blocks,estimate,block_se,pointwise_lower,pointwise_upper,simultaneous_lower,simultaneous_upper
mean_equity_loss,0.5,0,0,0,200,5.99520433298e-19,3.4626498387e-19,-5.55111512305e-20,1.31034072482e-18,-2.54422115869e-19,1.45346298246e-18
mean_equity_loss,0.5,0,0,1,200,0.0964315930776,0.00361974927067,0.0895961084699,0.103466182019,0.0875047362959,0.105358449859
mean_equity_loss,0.5,0,0,2,200,0.192900275328,0.00706808580478,0.179607335472,0.206728494714,0.175469291859,0.210331258797
mean_equity_loss,0.5,0,1,0,200,5.11812814352e-18,2.23720306853e-18,6.99301727634e-19,9.40400535221e-18,-3.9915769344e-19,1.06354139805e-17
mean_equity_loss,0.5,0,1,1,200,0.0964294884215,0.00361968730208,0.0895937623851,0.103463706832,0.0875027844638,0.105356192379
mean_equity_loss,0.5,0,1,2,200,0.192895976889,0.00706795912268,0.179603537906,0.206724615149,0.175465305837,0.210326647941
mean_equity_loss,0.5,0,2,0,200,3.65818486614e-18,2.84585727453e-18,-1.89903648362e-18,9.13311093421e-18,-3.36013557854e-18,1.06765053108e-17
mean_equity_loss,0.5,0,2,1,200,0.0963229992878,0.00361610606218,0.0894756932783,0.103345025482,0.0874051272168,0.105240871359
mean_equity_loss,0.5,0,2,2,200,0.192679109363,0.00706071048578,0.179392882723,0.206514743322,0.175266314561,0.210091904164
mean_equity_loss,0.5,0.15,0,0,200,5.99520433298e-19,3.4626498387e-19,-5.55111512305e-20,1.31034072482e-18,-2.54422115869e-19,1.45346298246e-18
mean_equity_loss,0.5,0.15,0,1,200,0.0964315930776,0.00361974927067,0.0895961084699,0.103466182019,0.0875047362959,0.105358449859
mean_equity_loss,0.5,0.15,0,2,200,0.192900275328,0.00706808580478,0.179607335472,0.206728494714,0.175469291859,0.210331258797
mean_equity_loss,0.5,0.15,1,0,200,7.69529153397e-05,2.43776340834e-06,7.2159129481e-05,8.15179196751e-05,7.09410169493e-05,8.29648137301e-05
mean_equity_loss,0.5,0.15,1,1,200,0.0965061256483,0.00361951777036,0.0896709810863,0.103538881362,0.0875798397818,0.105432411515
mean_equity_loss,0.5,0.15,1,2,200,0.19297228506,0.00706778002484,0.179676369389,0.206798377953,0.175542055691,0.210402514429
mean_equity_loss,0.5,0.15,2,0,200,0.00200055581332,1.97959245587e-05,0.00196298893527,0.0020376965134,0.0019517360277,0.00204937559894
mean_equity_loss,0.5,0.15,2,1,200,0.0983072687248,0.00361497246676,0.0914660295647,0.105330045191,0.089392192274,0.107222345176
mean_equity_loss,0.5,0.15,2,2,200,0.194646496022,0.00705897922416,0.181359153855,0.208479094772,0.177237970777,0.212055021267
mean_equity_loss,1,0,0,0,200,5.99520433298e-19,3.4626498387e-19,-5.55111512305e-20,1.31034072482e-18,-2.54422115869e-19,1.45346298246e-18
mean_equity_loss,1,0,0,1,200,0.0723202258646,0.00273062332373,0.0671742766236,0.0776479750599,0.0655860900134,0.0790543617158
mean_equity_loss,1,0,0,2,200,0.144661281427,0.0053657646066,0.134514666442,0.155095371907,0.131428483079,0.157894079774
mean_equity_loss,1,0,1,0,200,4.57966997658e-18,2.63808620579e-18,-6.05487882054e-19,9.95467597243e-18,-1.92625515137e-18,1.10855951045e-17
mean_equity_loss,1,0,1,1,200,0.0722981356585,0.0027298946603,0.0671496029674,0.0776230116089,0.0655657968031,0.0790304745139
mean_equity_loss,1,0,1,2,200,0.144616473135,0.0053642898316,0.134471825608,0.155052888417,0.131387311808,0.157845634461
mean_equity_loss,1,0,2,0,200,4.24105195407e-18,3.21052473809e-18,-2.13815076756e-18,1.05193631583e-17,-3.6765943767e-18,1.21586982848e-17
mean_equity_loss,1,0,2,1,200,0.0719816949212,0.00271914129671,0.0668190075806,0.0772739275629,0.0652758755094,0.078687514333
mean_equity_loss,1,0,2,2,200,0.143975685192,0.00534263683529,0.13384277035,0.154417215009,0.130799923475,0.157151446909
mean_equity_loss,1,0.15,0,0,200,5.99520433298e-19,3.4626498387e-19,-5.55111512305e-20,1.31034072482e-18,-2.54422115869e-19,1.45346298246e-18
mean_equity_loss,1,0.15,0,1,200,0.0723202258646,0.00273062332373,0.0671742766236,0.0776479750599,0.0655860900134,0.0790543617158
mean_equity_loss,1,0.15,0,2,200,0.144661281427,0.0053657646066,0.134514666442,0.155095371907,0.131428483079,0.157894079774
mean_equity_loss,1,0.15,1,0,200,0.000679096872162,9.63205089192e-06,0.000660899867774,0.000698150000251,0.000655342757609,0.000702850986714
mean_equity_loss,1,0.15,1,1,200,0.072973919307,0.00272931326131,0.0678261339833,0.0782865935008,0.0662430142706,0.0797048243433
mean_equity_loss,1,0.15,1,2,200,0.145288849407,0.00536358942944,0.135137731869,0.155722942491,0.13206141538,0.158516283434
mean_equity_loss,1,0.15,2,0,200,0.00678036961006,3.81405922394e-05,0.00670745515338,0.00685541124114,0.00668630906082,0.00687443015929
mean_equity_loss,1,0.15,2,1,200,0.0787113021489,0.00271534455339,0.073595927275,0.0839874014016,0.0720148460884,0.0854077582095
mean_equity_loss,1,0.15,2,2,200,0.150653251559,0.00533692776131,0.140527443897,0.161085304133,0.137491569294,0.163814933824
mean_equity_loss,2,0,0,0,200,5.99520433298e-19,3.4626498387e-19,-5.55111512305e-20,1.31034072482e-18,-2.54422115869e-19,1.45346298246e-18
mean_equity_loss,2,0,0,1,200,0.0482111723438,0.00183088970083,0.0447662185984,0.0517973076091,0.0436959175788,0.0527264271088
mean_equity_loss,2,0,0,2,200,0.0964315930776,0.00361974927067,0.0895961084699,0.103466182019,0.0875047362959,0.105358449859
mean_equity_loss,2,0,1,0,200,3.65818486614e-18,2.84585727453e-18,-1.89903648362e-18,9.13311093421e-18,-3.36013557854e-18,1.06765053108e-17
mean_equity_loss,2,0,1,1,200,0.0481573521287,0.00182907896186,0.0447086510642,0.0517372337791,0.0436465629237,0.0526681413338
mean_equity_loss,2,0,1,2,200,0.0963229992878,0.00361610606218,0.0894756932783,0.103345025482,0.0874051272168,0.105240871359
mean_equity_loss,2,0,2,0,200,4.41313652288e-18,3.75886039866e-18,-3.11417558408e-18,1.18026421969e-17,-4.85678963286e-18,1.36830626786e-17
mean_equity_loss,2,0,2,1,200,0.0476963625966,0.00181326470765,0.0442716733154,0.0512311179525,0.0432245737675,0.0521681514256
mean_equity_loss,2,0,2,2,200,0.0953939120187,0.00358435988289,0.0885611007991,0.102394990696,0.0865543308941,0.104233493143
mean_equity_loss,2,0.15,0,0,200,5.99520433298e-19,3.4626498387e-19,-5.55111512305e-20,1.31034072482e-18,-2.54422115869e-19,1.45346298246e-18
mean_equity_loss,2,0.15,0,1,200,0.0482111723438,0.00183088970083,0.0447662185984,0.0517973076091,0.0436959175788,0.0527264271088
mean_equity_loss,2,0.15,0,2,200,0.0964315930776,0.00361974927067,0.0895961084699,0.103466182019,0.0875047362959,0.105358449859
mean_equity_loss,2,0.15,1,0,200,0.00200055581332,1.97959245587e-05,0.00196298893527,0.0020376965134,0.0019517360277,0.00204937559894
mean_equity_loss,2,0.15,1,1,200,0.0501498362153,0.00182827900461,0.0467082592903,0.0537162893625,0.0456410198276,0.0546586526031
mean_equity_loss,2,0.15,1,2,200,0.0983072687248,0.00361497246676,0.0914660295647,0.105330045191,0.089392192274,0.107222345176
mean_equity_loss,2,0.15,2,0,200,0.0135082138177,4.91320305842e-05,0.0134134501741,0.013604801398,0.013387046696,0.0136293809394
mean_equity_loss,2,0.15,2,1,200,0.0611273919074,0.0018091137959,0.057727678524,0.0646663127027,0.0566658398633,0.0655889439516
mean_equity_loss,2,0.15,2,2,200,0.108746549941,0.00357719546867,0.10197692961,0.115726803579,0.099924637361,0.117568462522
worst_10pct_mean_equity_loss,0.5,0,0,0,200,3.56381590905e-17,2.52161230755e-18,3.07531777821e-17,4.07451850038e-17,2.93887830672e-17,4.18875351138e-17
worst_10pct_mean_equity_loss,0.5,0,0,1,200,0.120434439166,0.0046604423924,0.111412207971,0.129796227141,0.108884346053,0.131984532278
worst_10pct_mean_equity_loss,0.5,0,0,2,200,0.240911759288,0.00910294468142,0.223249269381,0.259080620981,0.218351699574,0.263471819002
worst_10pct_mean_equity_loss,0.5,0,1,0,200,5.98188165668e-16,5.20278587054e-18,5.88028237214e-16,6.08402217495e-16,5.85293968897e-16,6.11082362439e-16
worst_10pct_mean_equity_loss,0.5,0,1,1,200,0.120434334819,0.00466044062302,0.111412099703,0.129796210746,0.108884246092,0.131984423546
worst_10pct_mean_equity_loss,0.5,0,1,2,200,0.240911545584,0.00910294111841,0.223248771679,0.259080294338,0.2183514947,0.263471596467
worst_10pct_mean_equity_loss,0.5,0,2,0,200,6.90503210166e-16,6.9028266636e-18,6.76958489265e-16,7.0388417317e-16,6.73395758986e-16,7.07610661345e-16
worst_10pct_mean_equity_loss,0.5,0,2,1,200,0.120367633627,0.00465795485968,0.111353367961,0.129718333198,0.10882370543,0.131911561823
worst_10pct_mean_equity_loss,0.5,0,2,2,200,0.240775651316,0.0090978926261,0.223129397505,0.258907041829,0.21822811224,0.263323190392
worst_10pct_mean_equity_loss,0.5,0.15,0,0,200,3.56381590905e-17,2.52161230755e-18,3.07531777821e-17,4.07451850038e-17,2.93887830672e-17,4.18875351138e-17
worst_10pct_mean_equity_loss,0.5,0.15,0,1,200,0.120434439166,0.0046604423924,0.111412207971,0.129796227141,0.108884346053,0.131984532278
worst_10pct_mean_equity_loss,0.5,0.15,0,2,200,0.240911759288,0.00910294468142,0.223249269381,0.259080620981,0.218351699574,0.263471819002
worst_10pct_mean_equity_loss,0.5,0.15,1,0,200,9.61222834679e-05,3.04356832002e-06,9.00718279792e-05,0.000101897217839,8.85793305613e-05,0.000103665236374
worst_10pct_mean_equity_loss,0.5,0.15,1,1,200,0.120530062807,0.00466024075712,0.111509893925,0.129895067482,0.108980469413,0.132079656201
worst_10pct_mean_equity_loss,0.5,0.15,1,2,200,0.241006862614,0.00910272772514,0.223346472882,0.259178462055,0.218447340588,0.263566384639
worst_10pct_mean_equity_loss,0.5,0.15,2,0,200,0.00250212255563,2.61634604828e-05,0.00245298038767,0.0025541061884,0.00243728098496,0.00256696412629
worst_10pct_mean_equity_loss,0.5,0.15,2,1,200,0.12284936353,0.00465715882952,0.113890037942,0.132200509151,0.111307408156,0.134391318905
worst_10pct_mean_equity_loss,0.5,0.15,2,2,200,0.243236391442,0.00909625241981,0.22564276067,0.261388920038,0.220692917331,0.265779865554
worst_10pct_mean_equity_loss,1,0,0,0,200,3.56381590905e-17,2.52161230755e-18,3.07531777821e-17,4.07451850038e-17,2.93887830672e-17,4.18875351138e-17
worst_10pct_mean_equity_loss,1,0,0,1,200,0.0903218195354,0.00351542077571,0.0835342254695,0.0973883381973,0.0816094626668,0.0990341764039
worst_10pct_mean_equity_loss,1,0,0,2,200,0.180667718172,0.00690949381153,0.167285759216,0.194509946237,0.16354374363,0.197791692713
worst_10pct_mean_equity_loss,1,0,1,0,200,6.32882635188e-16,6.26179589417e-18,6.21003248824e-16,6.44984066156e-16,6.17363866895e-16,6.4840140348e-16
worst_10pct_mean_equity_loss,1,0,1,1,200,0.0903131825748,0.00351510701743,0.0835265875279,0.0973786765921,0.0816016033014,0.0990247618483
worst_10pct_mean_equity_loss,1,0,1,2,200,0.180650183981,0.00690885682848,0.167268475565,0.194485680576,0.16352778809,0.197772579871
worst_10pct_mean_equity_loss,1,0,2,0,200,8.15070233529e-16,8.30568751615e-18,7.99249555428e-16,8.31223978537e-16,7.94486036559e-16,8.35654430499e-16
worst_10pct_mean_equity_loss,1,0,2,1,200,0.0900577219202,0.00350569291208,0.0832775168528,0.0970876119062,0.0813694738639,0.0987459699765
worst_10pct_mean_equity_loss,1,0,2,2,200,0.18013292881,0.00688987445989,0.16678422154,0.193880569496,0.163057577408,0.197208280213
worst_10pct_mean_equity_loss,1,0.15,0,0,200,3.56381590905e-17,2.52161230755e-18,3.07531777821e-17,4.07451850038e-17,2.93887830672e-17,4.18875351138e-17
worst_10pct_mean_equity_loss,1,0.15,0,1,200,0.0903218195354,0.00351542077571,0.0835342254695,0.0973883381973,0.0816094626668,0.0990341764039
worst_10pct_mean_equity_loss,1,0.15,0,2,200,0.180667718172,0.00690949381153,0.167285759216,0.194509946237,0.16354374363,0.197791692713
worst_10pct_mean_equity_loss,1,0.15,1,0,200,0.000848728334599,1.2535214814e-05,0.000824896967234,0.000872997441701,0.000817661992374,0.000879794676824
worst_10pct_mean_equity_loss,1,0.15,1,1,200,0.0911577757508,0.00351469508755,0.0843805528107,0.0982229630529,0.0824472173737,0.0998683341279
worst_10pct_mean_equity_loss,1,0.15,1,2,200,0.181490532923,0.00690827385565,0.168127369501,0.195334332151,0.164369581829,0.198611484017
worst_10pct_mean_equity_loss,1,0.15,2,0,200,0.00849983277753,5.24690207665e-05,0.00839577901427,0.0086042368113,0.00836979746664,0.00862986808842
worst_10pct_mean_equity_loss,1,0.15,2,1,200,0.0984928028573,0.00350303055071,0.0917099805692,0.105476146328,0.089811152999,0.107174452716
worst_10pct_mean_equity_loss,1,0.15,2,2,200,0.188503418081,0.00688453548362,0.175242568225,0.202246550275,0.171441298399,0.205565537762
worst_10pct_mean_equity_loss,2,0,0,0,200,3.56381590905e-17,2.52161230755e-18,3.07531777821e-17,4.07451850038e-17,2.93887830672e-17,4.18875351138e-17
worst_10pct_mean_equity_loss,2,0,0,1,200,0.0602118744455,0.00235691801976,0.0556684454243,0.0649403383524,0.0543706644715,0.0660530844196
worst_10pct_mean_equity_loss,2,0,0,2,200,0.120434439166,0.0046604423924,0.111412207971,0.129796227141,0.108884346053,0.131984532278
worst_10pct_mean_equity_loss,2,0,1,0,200,6.90503210166e-16,6.9028266636e-18,6.76958489265e-16,7.0388417317e-16,6.73395758986e-16,7.07610661345e-16
worst_10pct_mean_equity_loss,2,0,1,1,200,0.0601787707103,0.00235568364657,0.0556366299234,0.0649031142388,0.0543406199148,0.0660169215058
worst_10pct_mean_equity_loss,2,0,1,2,200,0.120367633627,0.00465795485968,0.111353367961,0.129718333198,0.10882370543,0.131911561823
worst_10pct_mean_equity_loss,2,0,2,0,200,9.07163233421e-16,9.46696892031e-18,8.88900064666e-16,9.25988452583e-16,8.83701003162e-16,9.3062546368e-16
worst_10pct_mean_equity_loss,2,0,2,1,200,0.0597943093568,0.00234106848758,0.0552687653359,0.0644769147314,0.0539923796822,0.0655962390315
worst_10pct_mean_equity_loss,2,0,2,2,200,0.11959295065,0.0046286005024,0.110633545309,0.128843599905,0.108121772105,0.131064129195
worst_10pct_mean_equity_loss,2,0.15,0,0,200,3.56381590905e-17,2.52161230755e-18,3.07531777821e-17,4.07451850038e-17,2.93887830672e-17,4.18875351138e-17
worst_10pct_mean_equity_loss,2,0.15,0,1,200,0.0602118744455,0.00235691801976,0.0556684454243,0.0649403383524,0.0543706644715,0.0660530844196
worst_10pct_mean_equity_loss,2,0.15,0,2,200,0.120434439166,0.0046604423924,0.111412207971,0.129796227141,0.108884346053,0.131984532278
worst_10pct_mean_equity_loss,2,0.15,1,0,200,0.00250212255563,2.61634604828e-05,0.00245298038767,0.0025541061884,0.00243728098496,0.00256696412629
worst_10pct_mean_equity_loss,2,0.15,1,1,200,0.0626707178521,0.00235535677755,0.0581267985156,0.0673597468268,0.0568333771444,0.0685080585599
worst_10pct_mean_equity_loss,2,0.15,1,2,200,0.12284936353,0.00465715882952,0.113890037942,0.132200509151,0.111307408156,0.134391318905
worst_10pct_mean_equity_loss,2,0.15,2,0,200,0.0169928099077,7.00582917578e-05,0.0168532092816,0.0171337685993,0.0168191826584,0.017166437157
worst_10pct_mean_equity_loss,2,0.15,2,1,200,0.0766860909571,0.00233853224324,0.0721840864242,0.0813236086524,0.0708904469214,0.0824817349928
worst_10pct_mean_equity_loss,2,0.15,2,2,200,0.136387570771,0.00462183817239,0.12747643821,0.145623894289,0.124933151481,0.147841990061
asset_price_loss,0.5,0,0,0,200,0,0,0,0,0,0
asset_price_loss,0.5,0,0,1,200,0.0461841574212,0.00175296929665,0.0426243471408,0.0495944959145,0.0418637698242,0.0505045450182
asset_price_loss,0.5,0,0,2,200,0.0923838811906,0.00342672463404,0.0853358660551,0.099083652961,0.0839383376003,0.100829424781
asset_price_loss,0.5,0,1,0,200,0,0,0,0,0,0
asset_price_loss,0.5,0,1,1,200,0.0461841574212,0.00175296929665,0.0426243471408,0.0495944959145,0.0418637698242,0.0505045450182
asset_price_loss,0.5,0,1,2,200,0.0923838811906,0.00342672463404,0.0853358660551,0.099083652961,0.0839383376003,0.100829424781
asset_price_loss,0.5,0,2,0,200,0,0,0,0,0,0
asset_price_loss,0.5,0,2,1,200,0.0461841574212,0.00175296929665,0.0426243471408,0.0495944959145,0.0418637698242,0.0505045450182
asset_price_loss,0.5,0,2,2,200,0.0923838811906,0.00342672463404,0.0853358660551,0.099083652961,0.0839383376003,0.100829424781
asset_price_loss,0.5,0.15,0,0,200,0,0,0,0,0,0
asset_price_loss,0.5,0.15,0,1,200,0.0461841574212,0.00175296929665,0.0426243471408,0.0495944959145,0.0418637698242,0.0505045450182
asset_price_loss,0.5,0.15,0,2,200,0.0923838811906,0.00342672463404,0.0853358660551,0.099083652961,0.0839383376003,0.100829424781
asset_price_loss,0.5,0.15,1,0,200,3.68556416393e-05,1.15320530197e-06,3.46315234194e-05,3.92010977938e-05,3.40134390446e-05,3.96978442341e-05
asset_price_loss,0.5,0.15,1,1,200,0.0462208617794,0.00175286753216,0.0426625675099,0.0496311346207,0.0419007249922,0.0505409985665
asset_price_loss,0.5,0.15,1,2,200,0.0924204278756,0.00342661757114,0.085372711527,0.0991201162865,0.0839751481537,0.100865707597
asset_price_loss,0.5,0.15,2,0,200,0.000960892625257,9.87744821941e-06,0.000941943444084,0.00098092875432,0.000936548556676,0.000985236693838
asset_price_loss,0.5,0.15,2,1,200,0.0471373332995,0.0017526567491,0.043563972916,0.050545933726,0.0428177160107,0.0514569505884
asset_price_loss,0.5,0.15,2,2,200,0.0933290659343,0.00342611481603,0.0862972607798,0.10002634591,0.0848850253083,0.10177310656
asset_price_loss,1,0,0,0,200,0,0,0,0,0,0
asset_price_loss,1,0,0,1,200,0.0346366603302,0.00132202281651,0.0319547533906,0.0372055366242,0.0313783882143,0.0378949324462
asset_price_loss,1,0,0,2,200,0.069282069268,0.00259996107106,0.0639862958698,0.0743525837232,0.0628741763371,0.0756899621989
asset_price_loss,1,0,1,0,200,0,0,0,0,0,0
asset_price_loss,1,0,1,1,200,0.0346366603302,0.00132202281651,0.0319547533906,0.0372055366242,0.0313783882143,0.0378949324462
asset_price_loss,1,0,1,2,200,0.069282069268,0.00259996107106,0.0639862958698,0.0743525837232,0.0628741763371,0.0756899621989
asset_price_loss,1,0,2,0,200,0,0,0,0,0,0
asset_price_loss,1,0,2,1,200,0.0346366603302,0.00132202281651,0.0319547533906,0.0372055366242,0.0313783882143,0.0378949324462
asset_price_loss,1,0,2,2,200,0.069282069268,0.00259996107106,0.0639862958698,0.0743525837232,0.0628741763371,0.0756899621989
asset_price_loss,1,0.15,0,0,200,0,0,0,0,0,0
asset_price_loss,1,0.15,0,1,200,0.0346366603302,0.00132202281651,0.0319547533906,0.0372055366242,0.0313783882143,0.0378949324462
asset_price_loss,1,0.15,0,2,200,0.069282069268,0.00259996107106,0.0639862958698,0.0743525837232,0.0628741763371,0.0756899621989
asset_price_loss,1,0.15,1,0,200,0.000325550882429,4.76133569904e-06,0.000316592134255,0.00033513961163,0.000313816041586,0.000337285723273
asset_price_loss,1,0.15,1,1,200,0.0349606308521,0.00132176788748,0.0322756823155,0.0375296239105,0.0317029870371,0.0382182746672
asset_price_loss,1,0.15,1,2,200,0.0696044150572,0.00259964547057,0.0643044493512,0.0746748820334,0.0631972999588,0.0760115301557
asset_price_loss,1,0.15,2,0,200,0.0032800309383,2.00950202004e-05,0.00324057162543,0.00331926435349,0.00323050452834,0.00332955734826
asset_price_loss,1,0.15,2,1,200,0.0378930611123,0.00132128081209,0.0351977149544,0.040466082774,0.0346366177487,0.0411495044759
asset_price_loss,1,0.15,2,2,200,0.072514291508,0.00259826271766,0.0671985100591,0.0775733394731,0.0661105843578,0.0789179986583
asset_price_loss,2,0,0,0,200,0,0,0,0,0,0
asset_price_loss,2,0,0,1,200,0.0230901349707,0.000886178822201,0.0212942388037,0.0248100794896,0.0209060488035,0.0252742211378
asset_price_loss,2,0,0,2,200,0.0461841574212,0.00175296929665,0.0426243471408,0.0495944959145,0.0418637698242,0.0505045450182
asset_price_loss,2,0,1,0,200,0,0,0,0,0,0
asset_price_loss,2,0,1,1,200,0.0230901349707,0.000886178822201,0.0212942388037,0.0248100794896,0.0209060488035,0.0252742211378
asset_price_loss,2,0,1,2,200,0.0461841574212,0.00175296929665,0.0426243471408,0.0495944959145,0.0418637698242,0.0505045450182
asset_price_loss,2,0,2,0,200,0,0,0,0,0,0
asset_price_loss,2,0,2,1,200,0.0230901349707,0.000886178822201,0.0212942388037,0.0248100794896,0.0209060488035,0.0252742211378
asset_price_loss,2,0,2,2,200,0.0461841574212,0.00175296929665,0.0426243471408,0.0495944959145,0.0418637698242,0.0505045450182
asset_price_loss,2,0.15,0,0,200,0,0,0,0,0,0
asset_price_loss,2,0.15,0,1,200,0.0230901349707,0.000886178822201,0.0212942388037,0.0248100794896,0.0209060488035,0.0252742211378
asset_price_loss,2,0.15,0,2,200,0.0461841574212,0.00175296929665,0.0426243471408,0.0495944959145,0.0418637698242,0.0505045450182
asset_price_loss,2,0.15,1,0,200,0.000960892625257,9.87744821941e-06,0.000941943444084,0.00098092875432,0.000936548556676,0.000985236693838
asset_price_loss,2,0.15,1,1,200,0.024047202166,0.000886033053528,0.02224594732,0.0257688581025,0.021863475262,0.02623092907
asset_price_loss,2,0.15,1,2,200,0.0471373332995,0.0017526567491,0.043563972916,0.050545933726,0.0428177160107,0.0514569505884
asset_price_loss,2,0.15,2,0,200,0.00660300791445,2.76056189624e-05,0.00655022093745,0.00665792664374,0.00653497079937,0.00667104502953
asset_price_loss,2,0.15,2,1,200,0.0296578581194,0.000885933696261,0.0278520034091,0.0313851701846,0.0274743760924,0.0318413401463
asset_price_loss,2,0.15,2,2,200,0.0527161200869,0.00175120138708,0.049136714985,0.0561225293359,0.0484000896994,0.0570321504743
market_value_loss,0.5,0,0,0,200,0,0,0,0,0,0
market_value_loss,0.5,0,0,1,200,0.0964315930776,0.00349657262439,0.0894663020032,0.103076712219,0.0895670891174,0.103296097038
market_value_loss,0.5,0,0,2,200,0.192900275328,0.00683110113913,0.179213103813,0.205802113714,0.179489393914,0.206311156742
market_value_loss,0.5,0,1,0,200,0,0,0,0,0,0
market_value_loss,0.5,0,1,1,200,0.0964294884215,0.00349649602759,0.0894641091851,0.103074388433,0.0895651348369,0.103293842006
market_value_loss,0.5,0,1,2,200,0.192895976889,0.00683094489632,0.179209366888,0.20579819518,0.179485402212,0.206306551566
market_value_loss,0.5,0,2,0,200,0,0,0,0,0,0
market_value_loss,0.5,0,2,1,200,0.0963229992878,0.00349280943033,0.0893599542535,0.10295975304,0.0894658832652,0.10318011531
market_value_loss,0.5,0,2,2,200,0.192679109363,0.00682348571423,0.179009783994,0.20558525953,0.179283178622,0.206075040104
market_value_loss,0.5,0.15,0,0,200,0,0,0,0,0,0
market_value_loss,0.5,0.15,0,1,200,0.0964315930776,0.00349657262439,0.0894663020032,0.103076712219,0.0895670891174,0.103296097038
market_value_loss,0.5,0.15,0,2,200,0.192900275328,0.00683110113913,0.179213103813,0.205802113714,0.179489393914,0.206311156742
market_value_loss,0.5,0.15,1,0,200,0,0,0,0,0,0
market_value_loss,0.5,0.15,1,1,200,0.0964291727224,0.00349648453916,0.0894637802616,0.103074039864,0.089564841692,0.103293503753
market_value_loss,0.5,0.15,1,2,200,0.192895332122,0.00683092146222,0.179208806349,0.205797607399,0.179484803451,0.206305860793
market_value_loss,0.5,0.15,2,0,200,0,0,0,0,0,0
market_value_loss,0.5,0.15,2,1,200,0.0963067097833,0.00349224587483,0.0893440016509,0.102942208685,0.0894507001381,0.103162719428
market_value_loss,0.5,0.15,2,2,200,0.192645933542,0.0068223453543,0.178979285172,0.205552730526,0.179252241567,0.206039625518
market_value_loss,1,0,0,0,200,0,0,0,0,0,0
market_value_loss,1,0,0,1,200,0.0723202258646,0.00263738260035,0.0670780338308,0.0773335044463,0.0671424917663,0.0774979599629
market_value_loss,1,0,0,2,200,0.144661281427,0.00518448024314,0.13428931008,0.154459881871,0.1344830615,0.154839501353
market_value_loss,1,0,1,0,200,0,0,0,0,0,0
market_value_loss,1,0,1,1,200,0.0722981356585,0.0026366230808,0.0670561966028,0.0773119132147,0.067121892656,0.0774743786609
market_value_loss,1,0,1,2,200,0.144616473135,0.0051829437925,0.134245107725,0.154417800769,0.134441269582,0.154791676687
market_value_loss,1,0,2,0,200,0,0,0,0,0,0
market_value_loss,1,0,2,1,200,0.0719816949212,0.00262555763026,0.0667520199984,0.0769877390602,0.0668271757143,0.0771362141281
market_value_loss,1,0,2,2,200,0.143975685192,0.00516066655396,0.13362956701,0.153768517453,0.133844216522,0.154107153862
market_value_loss,1,0.15,0,0,200,0,0,0,0,0,0
market_value_loss,1,0.15,0,1,200,0.0723202258646,0.00263738260035,0.0670780338308,0.0773335044463,0.0671424917663,0.0774979599629
market_value_loss,1,0.15,0,2,200,0.144661281427,0.00518448024314,0.13428931008,0.154459881871,0.1344830615,0.154839501353
market_value_loss,1,0.15,1,0,200,0,0,0,0,0,0
market_value_loss,1,0.15,1,1,200,0.0722948220918,0.00263650922515,0.0670529209823,0.077308674495,0.0671188026118,0.0774708415718
market_value_loss,1,0.15,1,2,200,0.144609751816,0.00518271347579,0.134238477296,0.154411488539,0.134435000423,0.154784503208
market_value_loss,1,0.15,2,0,200,0,0,0,0,0,0
market_value_loss,1,0.15,2,1,200,0.07193091146,0.00262379208903,0.066703141142,0.0769357827147,0.0667798583801,0.0770819645398
market_value_loss,1,0.15,2,2,200,0.143872837791,0.0051571115742,0.133530597723,0.153664741312,0.13374834829,0.153997327292
market_value_loss,2,0,0,0,200,0,0,0,0,0,0
market_value_loss,2,0,0,1,200,0.0482111723438,0.0017681622431,0.0446983484063,0.0515657409445,0.044739899751,0.0516824449367
market_value_loss,2,0,0,2,200,0.0964315930776,0.00349657262439,0.0894663020032,0.103076712219,0.0895670891174,0.103296097038
market_value_loss,2,0,1,0,200,0,0,0,0,0,0
market_value_loss,2,0,1,1,200,0.0481573521287,0.00176629155481,0.0446514175335,0.0515120577503,0.0446897520886,0.0516249521689
market_value_loss,2,0,1,2,200,0.0963229992878,0.00349280943033,0.0893599542535,0.10295975304,0.0894658832652,0.10318011531
market_value_loss,2,0,2,0,200,0,0,0,0,0,0
market_value_loss,2,0,2,1,200,0.0476963625966,0.00175013592875,0.0441874740341,0.0510149479336,0.044260479432,0.0511322457611
market_value_loss,2,0,2,2,200,0.0953939120187,0.00346038451061,0.0884733901621,0.101969734577,0.0886004529007,0.102187371137
market_value_loss,2,0.15,0,0,200,0,0,0,0,0,0
market_value_loss,2,0.15,0,1,200,0.0482111723438,0.0017681622431,0.0446983484063,0.0515657409445,0.044739899751,0.0516824449367
market_value_loss,2,0.15,0,2,200,0.0964315930776,0.00349657262439,0.0894663020032,0.103076712219,0.0895670891174,0.103296097038
market_value_loss,2,0.15,1,0,200,0,0,0,0,0,0
market_value_loss,2,0.15,1,1,200,0.0481492788845,0.00176601140102,0.0446432662024,0.0515040050609,0.0446822288449,0.0516163289242
market_value_loss,2,0.15,1,2,200,0.0963067097833,0.00349224587483,0.0893440016509,0.102942208685,0.0894507001381,0.103162719428
market_value_loss,2,0.15,2,0,200,0,0,0,0,0,0
market_value_loss,2,0.15,2,1,200,0.0476191303773,0.00174745484176,0.0441097204538,0.0509263584045,0.0441885107477,0.0510497500068
market_value_loss,2,0.15,2,2,200,0.0952382377749,0.00345500317869,0.0883234900742,0.101790744213,0.0884553433379,0.102021132212
fire_sale_value_loss,0.5,0,0,0,200,0,0,0,0,0,0
fire_sale_value_loss,0.5,0,0,1,200,0,0,0,0,0,0
fire_sale_value_loss,0.5,0,0,2,200,0,0,0,0,0,0
fire_sale_value_loss,0.5,0,1,0,200,0,0,0,0,0,0
fire_sale_value_loss,0.5,0,1,1,200,0,0,0,0,0,0
fire_sale_value_loss,0.5,0,1,2,200,0,0,0,0,0,0
fire_sale_value_loss,0.5,0,2,0,200,0,0,0,0,0,0
fire_sale_value_loss,0.5,0,2,1,200,0,0,0,0,0,0
fire_sale_value_loss,0.5,0,2,2,200,0,0,0,0,0,0
fire_sale_value_loss,0.5,0.15,0,0,200,0,0,0,0,0,0
fire_sale_value_loss,0.5,0.15,0,1,200,0,0,0,0,0,0
fire_sale_value_loss,0.5,0.15,0,2,200,0,0,0,0,0,0
fire_sale_value_loss,0.5,0.15,1,0,200,7.69529153397e-05,2.37959271825e-06,7.2402125714e-05,8.15856797981e-05,7.13504162335e-05,8.25554144458e-05
fire_sale_value_loss,0.5,0.15,1,1,200,7.69529259073e-05,2.37959317947e-06,7.24021344663e-05,8.15856916086e-05,7.13504257153e-05,8.25554260994e-05
fire_sale_value_loss,0.5,0.15,1,2,200,7.6952937862e-05,2.37959369904e-06,7.24021443379e-05,8.15857049797e-05,7.13504364467e-05,8.25554392774e-05
fire_sale_value_loss,0.5,0.15,2,0,200,0.00200055581332,1.9902884658e-05,0.00196069385642,0.00203834598701,0.00195369657869,0.00204741504795
fire_sale_value_loss,0.5,0.15,2,1,200,0.0020005589415,1.99029363975e-05,0.00196069676411,0.00203834917366,0.00195369958506,0.00204741829795
fire_sale_value_loss,0.5,0.15,2,2,200,0.00200056247986,1.99029948228e-05,0.00196070003602,0.00203835277342,0.00195370298586,0.00204742197386
fire_sale_value_loss,1,0,0,0,200,0,0,0,0,0,0
fire_sale_value_loss,1,0,0,1,200,0,0,0,0,0,0
fire_sale_value_loss,1,0,0,2,200,0,0,0,0,0,0
fire_sale_value_loss,1,0,1,0,200,0,0,0,0,0,0
fire_sale_value_loss,1,0,1,1,200,0,0,0,0,0,0
fire_sale_value_loss,1,0,1,2,200,0,0,0,0,0,0
fire_sale_value_loss,1,0,2,0,200,0,0,0,0,0,0
fire_sale_value_loss,1,0,2,1,200,0,0,0,0,0,0
fire_sale_value_loss,1,0,2,2,200,0,0,0,0,0,0
fire_sale_value_loss,1,0.15,0,0,200,0,0,0,0,0,0
fire_sale_value_loss,1,0.15,0,1,200,0,0,0,0,0,0
fire_sale_value_loss,1,0.15,0,2,200,0,0,0,0,0,0
fire_sale_value_loss,1,0.15,1,0,200,0.000679096872162,9.73962213702e-06,0.00065982485262,0.000697534475832,0.000656165963062,0.000702027781262
fire_sale_value_loss,1,0.15,1,1,200,0.000679097215193,9.73963041236e-06,0.000659825175569,0.000697534840923,0.00065616628661,0.000702028143776
fire_sale_value_loss,1,0.15,1,2,200,0.000679097590978,9.73963944768e-06,0.000659825529341,0.000697535241402,0.000656166641122,0.000702028540834
fire_sale_value_loss,1,0.15,2,0,200,0.00678036961006,3.88831560893e-05,0.00670663645047,0.00685535679033,0.00668882333595,0.00687191588416
fire_sale_value_loss,1,0.15,2,1,200,0.00678039068897,3.88833534934e-05,0.00670665751083,0.00685537615975,0.0066888439501,0.00687193742784
fire_sale_value_loss,1,0.15,2,2,200,0.00678041376752,3.88835707784e-05,0.00670668058264,0.0068553973125,0.00668886651708,0.00687196101797
fire_sale_value_loss,2,0,0,0,200,0,0,0,0,0,0
fire_sale_value_loss,2,0,0,1,200,0,0,0,0,0,0
fire_sale_value_loss,2,0,0,2,200,0,0,0,0,0,0
fire_sale_value_loss,2,0,1,0,200,0,0,0,0,0,0
fire_sale_value_loss,2,0,1,1,200,0,0,0,0,0,0
fire_sale_value_loss,2,0,1,2,200,0,0,0,0,0,0
fire_sale_value_loss,2,0,2,0,200,0,0,0,0,0,0
fire_sale_value_loss,2,0,2,1,200,0,0,0,0,0,0
fire_sale_value_loss,2,0,2,2,200,0,0,0,0,0,0
fire_sale_value_loss,2,0.15,0,0,200,0,0,0,0,0,0
fire_sale_value_loss,2,0.15,0,1,200,0,0,0,0,0,0
fire_sale_value_loss,2,0.15,0,2,200,0,0,0,0,0,0
fire_sale_value_loss,2,0.15,1,0,200,0.00200055581332,1.9902884658e-05,0.00196069385642,0.00203834598701,0.00195369657869,0.00204741504795
fire_sale_value_loss,2,0.15,1,1,200,0.00200055733078,1.99029097684e-05,0.0019606952687,0.00203834753333,0.00195369803703,0.00204741662453
fire_sale_value_loss,2,0.15,1,2,200,0.0020005589415,1.99029363975e-05,0.00196069676411,0.00203834917366,0.00195369958506,0.00204741829795
fire_sale_value_loss,2,0.15,2,0,200,0.0135082138177,5.02556112373e-05,0.0134103732398,0.0136065600655,0.013389892302,0.0136265353333
fire_sale_value_loss,2,0.15,2,1,200,0.0135082615302,5.02559010346e-05,0.0134104223767,0.0136066120928,0.0133899393322,0.0136265837281
fire_sale_value_loss,2,0.15,2,2,200,0.0135083121666,5.02562118048e-05,0.0134104745578,0.0136066673944,0.013389989237,0.0136266350962
liability_reduction,0.5,0,0,0,200,0,0,0,0,0,0
liability_reduction,0.5,0,0,1,200,0,0,0,0,0,0
liability_reduction,0.5,0,0,2,200,0,0,0,0,0,0
liability_reduction,0.5,0,1,0,200,0.0499325450065,5.21103065137e-05,0.0498313936467,0.0500339311108,0.0498313374341,0.0500337525789
liability_reduction,0.5,0,1,1,200,0.0499325450065,5.21103065137e-05,0.0498313936467,0.0500339311108,0.0498313374341,0.0500337525789
liability_reduction,0.5,0,1,2,200,0.0499325450065,5.21103065137e-05,0.0498313936467,0.0500339311108,0.0498313374341,0.0500337525789
liability_reduction,0.5,0,2,0,200,0.099865090013,0.000104220613026,0.0996627872934,0.100067862222,0.0996626748682,0.100067505158
liability_reduction,0.5,0,2,1,200,0.099865090013,0.000104220613026,0.0996627872934,0.100067862222,0.0996626748682,0.100067505158
liability_reduction,0.5,0,2,2,200,0.099865090013,0.000104220613026,0.0996627872934,0.100067862222,0.0996626748682,0.100067505158
liability_reduction,0.5,0.15,0,0,200,0,0,0,0,0,0
liability_reduction,0.5,0.15,0,1,200,0,0,0,0,0,0
liability_reduction,0.5,0.15,0,2,200,0,0,0,0,0,0
liability_reduction,0.5,0.15,1,0,200,0.0499325450065,5.21103065137e-05,0.0498313936467,0.0500339311108,0.0498313374341,0.0500337525789
liability_reduction,0.5,0.15,1,1,200,0.0499325450065,5.21103065137e-05,0.0498313936467,0.0500339311108,0.0498313374341,0.0500337525789
liability_reduction,0.5,0.15,1,2,200,0.0499325450065,5.21103065137e-05,0.0498313936467,0.0500339311108,0.0498313374341,0.0500337525789
liability_reduction,0.5,0.15,2,0,200,0.099865090013,0.000104220613026,0.0996627872934,0.100067862222,0.0996626748682,0.100067505158
liability_reduction,0.5,0.15,2,1,200,0.099865090013,0.000104220613026,0.0996627872934,0.100067862222,0.0996626748682,0.100067505158
liability_reduction,0.5,0.15,2,2,200,0.099865090013,0.000104220613026,0.0996627872934,0.100067862222,0.0996626748682,0.100067505158
liability_reduction,1,0,0,0,200,0,0,0,0,0,0
liability_reduction,1,0,0,1,200,0,0,0,0,0,0
liability_reduction,1,0,0,2,200,0,0,0,0,0,0
liability_reduction,1,0,1,0,200,0.0748988175098,7.81654597706e-05,0.0747470904701,0.0750508966662,0.0747470061511,0.0750506288684
liability_reduction,1,0,1,1,200,0.0748988175098,7.81654597706e-05,0.0747470904701,0.0750508966662,0.0747470061511,0.0750506288684
liability_reduction,1,0,1,2,200,0.0748988175098,7.81654597706e-05,0.0747470904701,0.0750508966662,0.0747470061511,0.0750506288684
liability_reduction,1,0,2,0,200,0.14979763502,0.00015633091954,0.14949418094,0.150101793332,0.149494012302,0.150101257737
liability_reduction,1,0,2,1,200,0.14979763502,0.00015633091954,0.14949418094,0.150101793332,0.149494012302,0.150101257737
liability_reduction,1,0,2,2,200,0.14979763502,0.00015633091954,0.14949418094,0.150101793332,0.149494012302,0.150101257737
liability_reduction,1,0.15,0,0,200,0,0,0,0,0,0
liability_reduction,1,0.15,0,1,200,0,0,0,0,0,0
liability_reduction,1,0.15,0,2,200,0,0,0,0,0,0
liability_reduction,1,0.15,1,0,200,0.0748988175098,7.81654597706e-05,0.0747470904701,0.0750508966662,0.0747470061511,0.0750506288684
liability_reduction,1,0.15,1,1,200,0.0748988175098,7.81654597706e-05,0.0747470904701,0.0750508966662,0.0747470061511,0.0750506288684
liability_reduction,1,0.15,1,2,200,0.0748988175098,7.81654597706e-05,0.0747470904701,0.0750508966662,0.0747470061511,0.0750506288684
liability_reduction,1,0.15,2,0,200,0.14979763502,0.00015633091954,0.14949418094,0.150101793332,0.149494012302,0.150101257737
liability_reduction,1,0.15,2,1,200,0.14979763502,0.00015633091954,0.14949418094,0.150101793332,0.149494012302,0.150101257737
liability_reduction,1,0.15,2,2,200,0.14979763502,0.00015633091954,0.14949418094,0.150101793332,0.149494012302,0.150101257737
liability_reduction,2,0,0,0,200,0,0,0,0,0,0
liability_reduction,2,0,0,1,200,0,0,0,0,0,0
liability_reduction,2,0,0,2,200,0,0,0,0,0,0
liability_reduction,2,0,1,0,200,0.099865090013,0.000104220613026,0.0996627872934,0.100067862222,0.0996626748682,0.100067505158
liability_reduction,2,0,1,1,200,0.099865090013,0.000104220613026,0.0996627872934,0.100067862222,0.0996626748682,0.100067505158
liability_reduction,2,0,1,2,200,0.099865090013,0.000104220613026,0.0996627872934,0.100067862222,0.0996626748682,0.100067505158
liability_reduction,2,0,2,0,200,0.199730180026,0.000208441226056,0.199325574587,0.200135724443,0.199325349736,0.200135010316
liability_reduction,2,0,2,1,200,0.199730180026,0.000208441226056,0.199325574587,0.200135724443,0.199325349736,0.200135010316
liability_reduction,2,0,2,2,200,0.199730180026,0.000208441226056,0.199325574587,0.200135724443,0.199325349736,0.200135010316
liability_reduction,2,0.15,0,0,200,0,0,0,0,0,0
liability_reduction,2,0.15,0,1,200,0,0,0,0,0,0
liability_reduction,2,0.15,0,2,200,0,0,0,0,0,0
liability_reduction,2,0.15,1,0,200,0.099865090013,0.000104220613026,0.0996627872934,0.100067862222,0.0996626748682,0.100067505158
liability_reduction,2,0.15,1,1,200,0.099865090013,0.000104220613026,0.0996627872934,0.100067862222,0.0996626748682,0.100067505158
liability_reduction,2,0.15,1,2,200,0.099865090013,0.000104220613026,0.0996627872934,0.100067862222,0.0996626748682,0.100067505158
liability_reduction,2,0.15,2,0,200,0.199730180026,0.000208441226056,0.199325574587,0.200135724443,0.199325349736,0.200135010316
liability_reduction,2,0.15,2,1,200,0.199730180026,0.000208441226056,0.199325574587,0.200135724443,0.199325349736,0.200135010316
liability_reduction,2,0.15,2,2,200,0.199730180026,0.000208441226056,0.199325574587,0.200135724443,0.199325349736,0.200135010316
forced_sale_proceeds,0.5,0,0,0,200,0,0,0,0,0,0
forced_sale_proceeds,0.5,0,0,1,200,0,0,0,0,0,0
forced_sale_proceeds,0.5,0,0,2,200,0,0,0,0,0,0
forced_sale_proceeds,0.5,0,1,0,200,0.000513017863072,1.65816297863e-05,0.000480086982152,0.000544818168505,0.000473345283302,0.000552690442843
forced_sale_proceeds,0.5,0,1,1,200,0.000513017863072,1.65816297863e-05,0.000480086982152,0.000544818168505,0.000473345283302,0.000552690442843
forced_sale_proceeds,0.5,0,1,2,200,0.000513017863072,1.65816297863e-05,0.000480086982152,0.000544818168505,0.000473345283302,0.000552690442843
forced_sale_proceeds,0.5,0,2,0,200,0.0133365556402,0.000141150467459,0.0130637999002,0.0136065776645,0.0129988443747,0.0136742669057
forced_sale_proceeds,0.5,0,2,1,200,0.0133365556402,0.000141150467459,0.0130637999002,0.0136065776645,0.0129988443747,0.0136742669057
forced_sale_proceeds,0.5,0,2,2,200,0.0133365556402,0.000141150467459,0.0130637999002,0.0136065776645,0.0129988443747,0.0136742669057
forced_sale_proceeds,0.5,0.15,0,0,200,0,0,0,0,0,0
forced_sale_proceeds,0.5,0.15,0,1,200,0,0,0,0,0,0
forced_sale_proceeds,0.5,0.15,0,2,200,0,0,0,0,0,0
forced_sale_proceeds,0.5,0.15,1,0,200,0.000513017863072,1.65816297863e-05,0.000480086982152,0.000544818168505,0.000473345283302,0.000552690442843
forced_sale_proceeds,0.5,0.15,1,1,200,0.000513017863072,1.65816297863e-05,0.000480086982152,0.000544818168505,0.000473345283302,0.000552690442843
forced_sale_proceeds,0.5,0.15,1,2,200,0.000513017863072,1.65816297863e-05,0.000480086982152,0.000544818168505,0.000473345283302,0.000552690442843
forced_sale_proceeds,0.5,0.15,2,0,200,0.0133365556402,0.000141150467459,0.0130637999002,0.0136065776645,0.0129988443747,0.0136742669057
forced_sale_proceeds,0.5,0.15,2,1,200,0.0133365556402,0.000141150467459,0.0130637999002,0.0136065776645,0.0129988443747,0.0136742669057
forced_sale_proceeds,0.5,0.15,2,2,200,0.0133365556402,0.000141150467459,0.0130637999002,0.0136065776645,0.0129988443747,0.0136742669057
forced_sale_proceeds,1,0,0,0,200,0,0,0,0,0,0
forced_sale_proceeds,1,0,0,1,200,0,0,0,0,0,0
forced_sale_proceeds,1,0,0,2,200,0,0,0,0,0,0
forced_sale_proceeds,1,0,1,0,200,0.00452724248296,6.9044732921e-05,0.00439084787931,0.00466184891417,0.00436204866849,0.00469243629743
forced_sale_proceeds,1,0,1,1,200,0.00452724248296,6.9044732921e-05,0.00439084787931,0.00466184891417,0.00436204866849,0.00469243629743
forced_sale_proceeds,1,0,1,2,200,0.00452724248296,6.9044732921e-05,0.00439084787931,0.00466184891417,0.00436204866849,0.00469243629743
forced_sale_proceeds,1,0,2,0,200,0.0451979199808,0.00026631309717,0.0446810876706,0.0457250876321,0.0445607493451,0.0458350906165
forced_sale_proceeds,1,0,2,1,200,0.0451979199808,0.00026631309717,0.0446810876706,0.0457250876321,0.0445607493451,0.0458350906165
forced_sale_proceeds,1,0,2,2,200,0.0451979199808,0.00026631309717,0.0446810876706,0.0457250876321,0.0445607493451,0.0458350906165
forced_sale_proceeds,1,0.15,0,0,200,0,0,0,0,0,0
forced_sale_proceeds,1,0.15,0,1,200,0,0,0,0,0,0
forced_sale_proceeds,1,0.15,0,2,200,0,0,0,0,0,0
forced_sale_proceeds,1,0.15,1,0,200,0.00452724248296,6.9044732921e-05,0.00439084787931,0.00466184891417,0.00436204866849,0.00469243629743
forced_sale_proceeds,1,0.15,1,1,200,0.00452724248296,6.9044732921e-05,0.00439084787931,0.00466184891417,0.00436204866849,0.00469243629743
forced_sale_proceeds,1,0.15,1,2,200,0.00452724248296,6.9044732921e-05,0.00439084787931,0.00466184891417,0.00436204866849,0.00469243629743
forced_sale_proceeds,1,0.15,2,0,200,0.0451979199808,0.00026631309717,0.0446810876706,0.0457250876321,0.0445607493451,0.0458350906165
forced_sale_proceeds,1,0.15,2,1,200,0.0451979199808,0.00026631309717,0.0446810876706,0.0457250876321,0.0445607493451,0.0458350906165
forced_sale_proceeds,1,0.15,2,2,200,0.0451979199808,0.00026631309717,0.0446810876706,0.0457250876321,0.0445607493451,0.0458350906165
forced_sale_proceeds,2,0,0,0,200,0,0,0,0,0,0
forced_sale_proceeds,2,0,0,1,200,0,0,0,0,0,0
forced_sale_proceeds,2,0,0,2,200,0,0,0,0,0,0
forced_sale_proceeds,2,0,1,0,200,0.0133365556402,0.000141150467459,0.0130637999002,0.0136065776645,0.0129988443747,0.0136742669057
forced_sale_proceeds,2,0,1,1,200,0.0133365556402,0.000141150467459,0.0130637999002,0.0136065776645,0.0129988443747,0.0136742669057
forced_sale_proceeds,2,0,1,2,200,0.0133365556402,0.000141150467459,0.0130637999002,0.0136065776645,0.0129988443747,0.0136742669057
forced_sale_proceeds,2,0,2,0,200,0.0900386758579,0.000339445599966,0.0893715547067,0.0907056893831,0.0892265311643,0.0908508205515
forced_sale_proceeds,2,0,2,1,200,0.0900386758579,0.000339445599966,0.0893715547067,0.0907056893831,0.0892265311643,0.0908508205515
forced_sale_proceeds,2,0,2,2,200,0.0900386758579,0.000339445599966,0.0893715547067,0.0907056893831,0.0892265311643,0.0908508205515
forced_sale_proceeds,2,0.15,0,0,200,0,0,0,0,0,0
forced_sale_proceeds,2,0.15,0,1,200,0,0,0,0,0,0
forced_sale_proceeds,2,0.15,0,2,200,0,0,0,0,0,0
forced_sale_proceeds,2,0.15,1,0,200,0.0133365556402,0.000141150467459,0.0130637999002,0.0136065776645,0.0129988443747,0.0136742669057
forced_sale_proceeds,2,0.15,1,1,200,0.0133365556402,0.000141150467459,0.0130637999002,0.0136065776645,0.0129988443747,0.0136742669057
forced_sale_proceeds,2,0.15,1,2,200,0.0133365556402,0.000141150467459,0.0130637999002,0.0136065776645,0.0129988443747,0.0136742669057
forced_sale_proceeds,2,0.15,2,0,200,0.0900386758579,0.000339445599966,0.0893715547067,0.0907056893831,0.0892265311643,0.0908508205515
forced_sale_proceeds,2,0.15,2,1,200,0.0900386758579,0.000339445599966,0.0893715547067,0.0907056893831,0.0892265311643,0.0908508205515
forced_sale_proceeds,2,0.15,2,2,200,0.0900386758579,0.000339445599966,0.0893715547067,0.0907056893831,0.0892265311643,0.0908508205515
exit_risk,0.5,0,0,0,200,0,0,0,0,0,0
exit_risk,0.5,0,0,1,200,0,0,0,0,0,0
exit_risk,0.5,0,0,2,200,0,0,0,0,0,0
exit_risk,0.5,0,1,0,200,0,0,0,0,0,0
exit_risk,0.5,0,1,1,200,0,0,0,0,0,0
exit_risk,0.5,0,1,2,200,0,0,0,0,0,0
exit_risk,0.5,0,2,0,200,0,0,0,0,0,0
exit_risk,0.5,0,2,1,200,0,0,0,0,0,0
exit_risk,0.5,0,2,2,200,0,0,0,0,0,0
exit_risk,0.5,0.15,0,0,200,0,0,0,0,0,0
exit_risk,0.5,0.15,0,1,200,0,0,0,0,0,0
exit_risk,0.5,0.15,0,2,200,0,0,0,0,0,0
exit_risk,0.5,0.15,1,0,200,0,0,0,0,0,0
exit_risk,0.5,0.15,1,1,200,0,0,0,0,0,0
exit_risk,0.5,0.15,1,2,200,0,0,0,0,0,0
exit_risk,0.5,0.15,2,0,200,0,0,0,0,0,0
exit_risk,0.5,0.15,2,1,200,0,0,0,0,0,0
exit_risk,0.5,0.15,2,2,200,0,0,0,0,0,0
exit_risk,1,0,0,0,200,0,0,0,0,0,0
exit_risk,1,0,0,1,200,0,0,0,0,0,0
exit_risk,1,0,0,2,200,0,0,0,0,0,0
exit_risk,1,0,1,0,200,0,0,0,0,0,0
exit_risk,1,0,1,1,200,0,0,0,0,0,0
exit_risk,1,0,1,2,200,0,0,0,0,0,0
exit_risk,1,0,2,0,200,0,0,0,0,0,0
exit_risk,1,0,2,1,200,0,0,0,0,0,0
exit_risk,1,0,2,2,200,0,0,0,0,0,0
exit_risk,1,0.15,0,0,200,0,0,0,0,0,0
exit_risk,1,0.15,0,1,200,0,0,0,0,0,0
exit_risk,1,0.15,0,2,200,0,0,0,0,0,0
exit_risk,1,0.15,1,0,200,0,0,0,0,0,0
exit_risk,1,0.15,1,1,200,0,0,0,0,0,0
exit_risk,1,0.15,1,2,200,0,0,0,0,0,0
exit_risk,1,0.15,2,0,200,0,0,0,0,0,0
exit_risk,1,0.15,2,1,200,0,0,0,0,0,0
exit_risk,1,0.15,2,2,200,0,0,0,0,0,0
exit_risk,2,0,0,0,200,0,0,0,0,0,0
exit_risk,2,0,0,1,200,0,0,0,0,0,0
exit_risk,2,0,0,2,200,0,0,0,0,0,0
exit_risk,2,0,1,0,200,0,0,0,0,0,0
exit_risk,2,0,1,1,200,0,0,0,0,0,0
exit_risk,2,0,1,2,200,0,0,0,0,0,0
exit_risk,2,0,2,0,200,0,0,0,0,0,0
exit_risk,2,0,2,1,200,0,0,0,0,0,0
exit_risk,2,0,2,2,200,0,0,0,0,0,0
exit_risk,2,0.15,0,0,200,0,0,0,0,0,0
exit_risk,2,0.15,0,1,200,0,0,0,0,0,0
exit_risk,2,0.15,0,2,200,0,0,0,0,0,0
exit_risk,2,0.15,1,0,200,0,0,0,0,0,0
exit_risk,2,0.15,1,1,200,0,0,0,0,0,0
exit_risk,2,0.15,1,2,200,0,0,0,0,0,0
exit_risk,2,0.15,2,0,200,0,0,0,0,0,0
exit_risk,2,0.15,2,1,200,0,0,0,0,0,0
exit_risk,2,0.15,2,2,200,0,0,0,0,0,0
